__run_id,__done,algorithm,library,dataset,process,accuracy,f1_score,r2,runtime_s,cpu_user_s,cpu_system_s,memory_delta_mb,energy_j,estimated_CO2_kg,
linear_statsmodels_small_training_rep0,DONE,linear,statsmodels,small,training,,,,0.618,0.002381,0.0027061669999999998,18.296875,6.726684727478027,,10.884603118896484
linear_statsmodels_small_inference_rep0,DONE,linear,statsmodels,small,inference,nan,nan,0.0096459506580489,0.618,0.0028162909999999994,0.003130959,19.03125,1.6072435604095459,,2.6007177352905275
logistic_sklearn_large_training_rep0,DONE,logistic,sklearn,large,training,,,,1.027,0.0023758340000000003,0.002795999999999999,19.015625,2.837183707373483,,2.762593678065709
logistic_sklearn_large_inference_rep0,DONE,logistic,sklearn,large,inference,1.0,1.0,nan,0.823,0.002351667,0.00271025,17.890625,2.2793252652486165,,2.7695325215657554
linear_sklearn_medium_training_rep0,DONE,linear,sklearn,medium,training,,,,0.819,0.005107834,0.006473042000000001,19.125,2.224731459617614,,2.7163998285929356
linear_sklearn_medium_inference_rep0,DONE,linear,sklearn,medium,inference,nan,nan,0.5554700019907828,0.619,0.0022259999999999997,0.002445749999999999,18.015625,1.6036393783569338,,2.5906936645507814
linear_sklearn_large_training_rep0,DONE,linear,sklearn,large,training,,,,1.027,0.003103375,0.0033575410000000003,18.328125,3.378961623328073,,3.2901281629289905
linear_sklearn_large_inference_rep0,DONE,linear,sklearn,large,inference,nan,nan,0.6725440184152253,0.822,0.002628792,0.002952667,19.015625,2.1982759351730343,,2.6743016242980953
logistic_statsmodels_large_training_rep0,DONE,logistic,statsmodels,large,training,,,,6.739,0.0025634580000000002,0.003975375,16.40625,90.67758919386182,,13.455644634791783
logistic_statsmodels_large_inference_rep0,DONE,logistic,statsmodels,large,inference,1.0,1.0,nan,1.027,0.004360209,0.005902917000000001,19.09375,3.0766996311460226,,2.995812688555037
linear_sklearn_small_training_rep0,DONE,linear,sklearn,small,training,,,,0.62,0.002554583,0.0029379999999999996,18.484375,1.8532720832824707,,2.9891485214233398
linear_sklearn_small_inference_rep0,DONE,linear,sklearn,small,inference,nan,nan,0.0096459506580444,0.619,0.0029853329999999997,0.003365916,18.5,1.7131495136260986,,2.7676082611083985
logistic_statsmodels_small_training_rep0,DONE,logistic,statsmodels,small,training,,,,0.823,0.006934708999999999,0.007998540999999998,17.921875,2.404748516877492,,2.921930154164632
logistic_statsmodels_small_inference_rep0,DONE,logistic,statsmodels,small,inference,0.9785,0.9678668182966892,nan,0.616,0.0026509589999999996,0.0028952500000000003,19.203125,1.6078823333740235,,2.6101985931396485
linear_statsmodels_medium_training_rep0,DONE,linear,statsmodels,medium,training,,,,0.82,0.0035401669999999994,0.0037385829999999993,17.953125,2.1031455993652344,,2.5648117065429688
linear_statsmodels_medium_inference_rep0,DONE,linear,statsmodels,medium,inference,nan,nan,0.5554700019907838,0.821,0.006432167000000001,0.00755475,18.734375,2.2437035789489745,,2.732891082763672
logistic_sklearn_small_training_rep0,DONE,logistic,sklearn,small,training,,,,0.619,0.002816792,0.003106625,17.921875,1.6816573596954345,,2.716732406616211
logistic_sklearn_small_inference_rep0,DONE,logistic,sklearn,small,inference,0.9785,0.9678668182966892,nan,0.616,0.0024627909999999998,0.002732041000000001,18.453125,1.7079791610717776,,2.77269344329834
logistic_sklearn_medium_training_rep0,DONE,logistic,sklearn,medium,training,,,,0.82,0.004576042,0.005642,19.0,2.270024684270223,,2.768322785695394
logistic_sklearn_medium_inference_rep0,DONE,logistic,sklearn,medium,inference,0.97808,0.9672969297887078,nan,0.619,0.0023074999999999997,0.0025236669999999994,17.984375,1.6796156637191773,,2.713434028625488
linear_statsmodels_large_training_rep0,DONE,linear,statsmodels,large,training,,,,1.231,0.002145333,0.002484542,18.984375,3.3358835513591765,,2.7098972797393794
linear_statsmodels_large_inference_rep0,DONE,linear,statsmodels,large,inference,nan,nan,0.6725440184152305,1.026,0.005578916999999999,0.007025375,18.53125,2.8284725761413574,,2.756795883178711
logistic_statsmodels_medium_training_rep0,DONE,logistic,statsmodels,medium,training,,,,1.027,0.003025,0.0032683750000000004,17.796875,2.8936105352129253,,2.817537035260882
logistic_statsmodels_medium_inference_rep0,DONE,logistic,statsmodels,medium,inference,0.97808,0.9672969297887078,nan,0.82,0.006903791999999999,0.007732917,18.21875,2.289984000523885,,2.7926634152730307
linear_statsmodels_large_training_rep1,DONE,linear,statsmodels,large,training,,,,1.231,0.002231625,0.0025532919999999995,18.515625,3.751595931529998,,3.047600269317626
linear_statsmodels_large_inference_rep1,DONE,linear,statsmodels,large,inference,nan,nan,0.6725440184152305,1.025,0.005436917,0.006536917,18.671875,3.616383228983197,,3.528178759983607
linear_sklearn_small_training_rep1,DONE,linear,sklearn,small,training,,,,0.619,0.002675292,0.0028968329999999997,18.515625,1.6511355810165405,,2.667424201965332
linear_sklearn_small_inference_rep1,DONE,linear,sklearn,small,inference,nan,nan,0.0096459506580444,0.619,0.003080834,0.003308625,17.859375,1.6341068471908569,,2.639914131164551
linear_statsmodels_small_training_rep1,DONE,linear,statsmodels,small,training,,,,0.619,0.002547666,0.002701540999999999,17.84375,1.6577136838912963,,2.67805118560791
linear_statsmodels_small_inference_rep1,DONE,linear,statsmodels,small,inference,nan,nan,0.0096459506580489,0.616,0.0026751250000000004,0.0028791249999999997,17.984375,1.6448880615234374,,2.6702728271484375
linear_sklearn_medium_training_rep1,DONE,linear,sklearn,medium,training,,,,0.821,0.005981916,0.006984916999999999,18.578125,2.2899354085922243,,2.789202690124512
linear_sklearn_medium_inference_rep1,DONE,linear,sklearn,medium,inference,nan,nan,0.5554700019907828,0.619,0.00236625,0.0026918340000000006,19.0,1.6878678085327148,,2.726765441894531
linear_sklearn_large_training_rep1,DONE,linear,sklearn,large,training,,,,1.027,0.003580542,0.004167666,18.265625,2.911131442614964,,2.8345973151070734
linear_sklearn_large_inference_rep1,DONE,linear,sklearn,large,inference,nan,nan,0.6725440184152253,0.823,0.0027447089999999997,0.0030047499999999996,18.5,2.1817193857828774,,2.650934855143229
logistic_sklearn_large_training_rep1,DONE,logistic,sklearn,large,training,,,,1.023,0.0025785,0.002859416,17.953125,2.830349077769688,,2.766714641026088
logistic_sklearn_large_inference_rep1,DONE,logistic,sklearn,large,inference,1.0,1.0,nan,0.823,0.0025185,0.0027430829999999995,18.484375,2.192960481484731,,2.664593537648519
logistic_statsmodels_large_training_rep1,DONE,logistic,statsmodels,large,training,,,,6.734,0.004352041,0.004895040999999999,20.34375,91.24132145118713,,13.549349784851074
logistic_statsmodels_large_inference_rep1,DONE,logistic,statsmodels,large,inference,1.0,1.0,nan,1.024,0.004056417,0.004739915999999999,19.296875,2.921732282366071,,2.8532541819981163
logistic_statsmodels_medium_training_rep1,DONE,logistic,statsmodels,medium,training,,,,1.027,0.002932,0.0033475830000000003,18.734375,2.991461101531983,,2.9128150939941415
logistic_statsmodels_medium_inference_rep1,DONE,logistic,statsmodels,medium,inference,0.97808,0.9672969297887078,nan,0.821,0.00688125,0.0076824580000000005,18.328125,2.3249113101959225,,2.831804275512695
logistic_sklearn_medium_training_rep1,DONE,logistic,sklearn,medium,training,,,,0.823,0.0049591670000000004,0.006082542,18.921875,2.1723070464134215,,2.639498233795166
logistic_sklearn_medium_inference_rep1,DONE,logistic,sklearn,medium,inference,0.97808,0.9672969297887078,nan,0.619,0.002205167,0.002575332999999999,18.78125,1.6468709594726563,,2.6605346679687503
logistic_sklearn_small_training_rep1,DONE,logistic,sklearn,small,training,,,,0.619,0.002630833,0.0029052080000000003,18.5625,1.5223663482666014,,2.4593963623046875
logistic_sklearn_small_inference_rep1,DONE,logistic,sklearn,small,inference,0.9785,0.9678668182966892,nan,0.619,0.0030312919999999997,0.0034099590000000006,19.21875,1.513979963684082,,2.445848083496094
linear_statsmodels_medium_training_rep1,DONE,linear,statsmodels,medium,training,,,,0.823,0.0035382910000000003,0.0041364999999999996,19.203125,2.2311926078796387,,2.711048126220703
linear_statsmodels_medium_inference_rep1,DONE,linear,statsmodels,medium,inference,nan,nan,0.5554700019907838,0.619,0.002189042,0.0024920000000000003,18.609375,1.6252310836791992,,2.6255752563476564
logistic_statsmodels_small_training_rep1,DONE,logistic,statsmodels,small,training,,,,0.625,0.0021805839999999997,0.002596958,18.75,1.7556430101394653,,2.8090288162231447
logistic_statsmodels_small_inference_rep1,DONE,logistic,statsmodels,small,inference,0.9785,0.9678668182966892,nan,0.627,0.0029267499999999997,0.0029787499999999996,17.796875,1.6694922615051269,,2.662667083740234
linear_sklearn_large_training_rep2,DONE,linear,sklearn,large,training,,,,1.052,0.003544083,0.004042958,18.578125,2.9318828397478374,,2.7869608742850165
linear_sklearn_large_inference_rep2,DONE,linear,sklearn,large,inference,nan,nan,0.6725440184152253,0.843,0.003054,0.0035216659999999997,19.03125,2.3621455307006833,,2.8020706176757812
linear_sklearn_small_training_rep2,DONE,linear,sklearn,small,training,,,,0.634,0.003191542,0.0035575000000000008,18.59375,1.5878199920654297,,2.5044479370117188
linear_sklearn_small_inference_rep2,DONE,linear,sklearn,small,inference,nan,nan,0.0096459506580444,0.634,0.0032420829999999998,0.0035879170000000004,18.46875,1.5294176177978516,,2.4123306274414062
linear_sklearn_medium_training_rep2,DONE,linear,sklearn,medium,training,,,,0.633,0.002151209,0.002551707999999999,18.921875,1.6055043960571287,,2.536341857910156
linear_sklearn_medium_inference_rep2,DONE,linear,sklearn,medium,inference,nan,nan,0.5554700019907828,0.634,0.002414792,0.0027849579999999997,18.703125,1.5413186614990233,,2.4311019897460935
logistic_sklearn_small_training_rep2,DONE,logistic,sklearn,small,training,,,,0.623,0.002841959,0.003111916,18.765625,1.5523444173812866,,2.4917245864868165
logistic_sklearn_small_inference_rep2,DONE,logistic,sklearn,small,inference,0.9785,0.9678668182966892,nan,0.632,0.0031217910000000005,0.0035529579999999993,18.984375,1.535819500732422,,2.430094146728516
logistic_statsmodels_medium_training_rep2,DONE,logistic,statsmodels,medium,training,,,,1.052,0.004156125,0.004455625,18.03125,2.8882875191824775,,2.7455204554966515
logistic_statsmodels_medium_inference_rep2,DONE,logistic,statsmodels,medium,inference,0.97808,0.9672969297887078,nan,0.633,0.002211208,0.002573833,18.59375,1.6512398437499998,,2.60859375
linear_statsmodels_medium_training_rep2,DONE,linear,statsmodels,medium,training,,,,0.843,0.0039352910000000005,0.004202709,18.359375,2.42259916305542,,2.8737831115722656
linear_statsmodels_medium_inference_rep2,DONE,linear,statsmodels,medium,inference,nan,nan,0.5554700019907838,0.833,0.006796333000000001,0.007786167,18.25,2.373157400131226,,2.8489284515380864
logistic_sklearn_medium_training_rep2,DONE,logistic,sklearn,medium,training,,,,0.836,0.006432333,0.007545500000000002,19.0,2.3755056635538736,,2.8415139516194663
logistic_sklearn_medium_inference_rep2,DONE,logistic,sklearn,medium,inference,0.97808,0.9672969297887078,nan,0.63,0.0023326669999999996,0.0026931660000000003,19.1875,1.6188322048187256,,2.5695749282836915
linear_statsmodels_large_training_rep2,DONE,linear,statsmodels,large,training,,,,1.252,0.0022121250000000005,0.002651790999999999,19.03125,3.617609401702881,,2.8894643783569336
linear_statsmodels_large_inference_rep2,DONE,linear,statsmodels,large,inference,nan,nan,0.6725440184152305,1.047,0.006283707999999999,0.007454499999999999,19.0,3.133277196202959,,2.99262387411935
linear_statsmodels_small_training_rep2,DONE,linear,statsmodels,small,training,,,,0.634,0.002786333,0.0031042920000000007,18.796875,1.6381745056152344,,2.5838714599609376
linear_statsmodels_small_inference_rep2,DONE,linear,statsmodels,small,inference,nan,nan,0.0096459506580489,0.634,0.0031907919999999996,0.003615208,18.53125,1.5615132873535156,,2.4629547119140622
logistic_statsmodels_large_training_rep2,DONE,logistic,statsmodels,large,training,,,,6.678,0.003776584,0.0045481670000000005,20.328125,89.26851562718782,,13.36755250481998
logistic_statsmodels_large_inference_rep2,DONE,logistic,statsmodels,large,inference,1.0,1.0,nan,1.036,0.004604625,0.005755833,18.5,3.395226219177246,,3.2772453853062222
logistic_sklearn_large_training_rep2,DONE,logistic,sklearn,large,training,,,,1.052,0.002755708,0.003169790999999999,18.625,2.983627828325544,,2.8361481257847374
logistic_sklearn_large_inference_rep2,DONE,logistic,sklearn,large,inference,1.0,1.0,nan,0.835,0.002209458,0.0024764999999999995,17.8125,2.3065951005617777,,2.7623893419901533
logistic_statsmodels_small_training_rep2,DONE,logistic,statsmodels,small,training,,,,0.634,0.002329125,0.0026457919999999992,19.234375,1.8604866210937496,,2.9345214843749994
logistic_statsmodels_small_inference_rep2,DONE,logistic,statsmodels,small,inference,0.9785,0.9678668182966892,nan,0.634,0.002936375,0.0031945420000000007,18.625,1.7051724140167235,,2.6895463943481444
logistic_statsmodels_medium_training_rep3,DONE,logistic,statsmodels,medium,training,,,,1.052,0.003428334,0.0038472080000000004,18.421875,3.1692375134059363,,3.0125831876482283
logistic_statsmodels_medium_inference_rep3,DONE,logistic,statsmodels,medium,inference,0.97808,0.9672969297887078,nan,0.634,0.002181125,0.0025839580000000008,18.828125,1.643117956542969,,2.5916687011718755
logistic_sklearn_large_training_rep3,DONE,logistic,sklearn,large,training,,,,1.052,0.0031290419999999994,0.0036429999999999995,18.796875,2.9514337588718953,,2.805545398167201
logistic_sklearn_large_inference_rep3,DONE,logistic,sklearn,large,inference,1.0,1.0,nan,0.843,0.0024574170000000004,0.002892625000000001,19.078125,2.3503772139549253,,2.788110574086507
linear_statsmodels_large_training_rep3,DONE,linear,statsmodels,large,training,,,,1.252,0.002144875,0.0024971670000000007,18.515625,3.570831158638001,,2.852101564407349
linear_statsmodels_large_inference_rep3,DONE,linear,statsmodels,large,inference,nan,nan,0.6725440184152305,1.04,0.005866625,0.007094250000000001,18.8125,2.738517619541714,,2.6331900187901094
linear_statsmodels_small_training_rep3,DONE,linear,statsmodels,small,training,,,,0.627,0.0027360830000000003,0.0030464999999999997,18.828125,1.5811325094223023,,2.5217424392700196
linear_statsmodels_small_inference_rep3,DONE,linear,statsmodels,small,inference,nan,nan,0.0096459506580489,0.634,0.003058458,0.00347175,18.640625,1.6488614532470702,,2.600727844238281
linear_sklearn_small_training_rep3,DONE,linear,sklearn,small,training,,,,0.634,0.0031662920000000002,0.003547541999999999,18.78125,1.6597418823242187,,2.617889404296875
linear_sklearn_small_inference_rep3,DONE,linear,sklearn,small,inference,nan,nan,0.0096459506580444,0.634,0.003424625,0.0036398339999999998,17.84375,1.684473648071289,,2.6568984985351562
logistic_sklearn_small_training_rep3,DONE,logistic,sklearn,small,training,,,,0.634,0.0031234580000000004,0.003532792,19.09375,1.7105027069091796,,2.6979537963867184
logistic_sklearn_small_inference_rep3,DONE,logistic,sklearn,small,inference,0.9785,0.9678668182966892,nan,0.634,0.003158167,0.0037025829999999997,18.78125,1.6734955108642577,,2.639582824707031
linear_statsmodels_medium_training_rep3,DONE,linear,statsmodels,medium,training,,,,0.84,0.003914875,0.0041866659999999995,18.484375,2.226222915649414,,2.650265375773112
linear_statsmodels_medium_inference_rep3,DONE,linear,statsmodels,medium,inference,nan,nan,0.5554700019907838,0.625,0.0021934579999999997,0.0025685829999999993,18.96875,1.542659878730774,,2.468255805969238
logistic_statsmodels_small_training_rep3,DONE,logistic,statsmodels,small,training,,,,0.629,0.0022187500000000002,0.0025085839999999995,19.140625,1.5995111474990846,,2.5429430007934575
logistic_statsmodels_small_inference_rep3,DONE,logistic,statsmodels,small,inference,0.9785,0.9678668182966892,nan,0.625,0.0028901250000000003,0.003145708999999999,18.796875,1.5171421766281128,,2.4274274826049806
logistic_statsmodels_large_training_rep3,DONE,logistic,statsmodels,large,training,,,,6.681,0.004170083999999999,0.004732541999999999,19.796875,88.68427949523925,,13.27410260368796
logistic_statsmodels_large_inference_rep3,DONE,logistic,statsmodels,large,inference,1.0,1.0,nan,1.047,0.004849417,0.006453459,19.140625,2.753132838249206,,2.6295442581176753
logistic_sklearn_medium_training_rep3,DONE,logistic,sklearn,medium,training,,,,0.843,0.005291667,0.006573208,18.5,2.3569685111045837,,2.795929431915283
logistic_sklearn_medium_inference_rep3,DONE,logistic,sklearn,medium,inference,0.97808,0.9672969297887078,nan,0.634,0.002291584,0.0026750000000000003,17.984375,1.6296006172180175,,2.57034797668457
linear_sklearn_medium_training_rep3,DONE,linear,sklearn,medium,training,,,,0.634,0.0021934999999999997,0.002687458,18.96875,1.5573473899841308,,2.456383895874023
linear_sklearn_medium_inference_rep3,DONE,linear,sklearn,medium,inference,nan,nan,0.5554700019907828,0.634,0.0023474999999999998,0.0028560830000000006,18.890625,1.6468825008392334,,2.5976064682006834
linear_sklearn_large_training_rep3,DONE,linear,sklearn,large,training,,,,1.045,0.0034011659999999997,0.004237291000000001,19.015625,2.966572076252528,,2.838824953351702
linear_sklearn_large_inference_rep3,DONE,linear,sklearn,large,inference,nan,nan,0.6725440184152253,0.84,0.0028334999999999996,0.003345250000000001,19.21875,2.381678009033203,,2.8353309631347656
logistic_sklearn_medium_training_rep4,DONE,logistic,sklearn,medium,training,,,,0.843,0.006381875,0.008093625,18.203125,2.2819094314575192,,2.706891377766927
logistic_sklearn_medium_inference_rep4,DONE,logistic,sklearn,medium,inference,0.97808,0.9672969297887078,nan,0.634,0.00224375,0.0027521660000000003,18.640625,1.6403163452148437,,2.587249755859375
linear_statsmodels_large_training_rep4,DONE,linear,statsmodels,large,training,,,,1.252,0.002198208,0.0027056250000000006,18.515625,3.5265021085739137,,2.816694974899292
linear_statsmodels_large_inference_rep4,DONE,linear,statsmodels,large,inference,nan,nan,0.6725440184152305,1.043,0.00626275,0.007298458,18.625,2.9235139808654784,,2.802985600062779
logistic_statsmodels_large_training_rep4,DONE,logistic,statsmodels,large,training,,,,6.487,0.0023686670000000005,0.0028653329999999994,19.8125,86.14987410513561,,13.280387560526531
logistic_statsmodels_large_inference_rep4,DONE,logistic,statsmodels,large,inference,1.0,1.0,nan,1.044,0.004937041,0.006084875,19.125,2.9266052742004387,,2.8032617568969718
linear_sklearn_large_training_rep4,DONE,linear,sklearn,large,training,,,,1.043,0.0033648330000000002,0.0038890829999999998,18.765625,2.9388424615859985,,2.8176821299961636
linear_sklearn_large_inference_rep4,DONE,linear,sklearn,large,inference,nan,nan,0.6725440184152253,0.833,0.002514459,0.0029703329999999995,18.484375,2.258268664677938,,2.7110068003336596
linear_sklearn_small_training_rep4,DONE,linear,sklearn,small,training,,,,0.632,0.0028291670000000005,0.0032497079999999996,18.59375,1.6847386474609376,,2.6657257080078125
linear_sklearn_small_inference_rep4,DONE,linear,sklearn,small,inference,nan,nan,0.0096459506580444,0.634,0.0032430000000000002,0.0038588749999999995,18.96875,1.686487789916992,,2.6600753784179685
linear_statsmodels_small_training_rep4,DONE,linear,statsmodels,small,training,,,,0.634,0.003001208,0.00317775,17.828125,1.6629072387695312,,2.6228820800781247
linear_statsmodels_small_inference_rep4,DONE,linear,statsmodels,small,inference,nan,nan,0.0096459506580489,0.628,0.002913125,0.0033549999999999995,18.859375,1.6360781799316404,,2.605220031738281
linear_sklearn_medium_training_rep4,DONE,linear,sklearn,medium,training,,,,0.839,0.007074625000000001,0.008161166000000001,18.296875,2.3153258732159934,,2.759625593821208
linear_sklearn_medium_inference_rep4,DONE,linear,sklearn,medium,inference,nan,nan,0.5554700019907828,0.633,0.0024055000000000005,0.0028201250000000015,19.09375,1.6710465688705443,,2.639883995056152
logistic_statsmodels_small_training_rep4,DONE,logistic,statsmodels,small,training,,,,0.634,0.002267417,0.0025846249999999992,18.5625,1.610460707092285,,2.5401588439941403
logistic_statsmodels_small_inference_rep4,DONE,logistic,statsmodels,small,inference,0.9785,0.9678668182966892,nan,0.632,0.002885458,0.0032543339999999994,19.1875,1.6650596481323243,,2.6345880508422854
logistic_sklearn_small_training_rep4,DONE,logistic,sklearn,small,training,,,,0.634,0.002863,0.003241667,18.65625,1.664851727294922,,2.6259490966796877
logistic_sklearn_small_inference_rep4,DONE,logistic,sklearn,small,inference,0.9785,0.9678668182966892,nan,0.627,0.002567792,0.0032029999999999993,18.703125,1.611784697341919,,2.5706295013427733
linear_statsmodels_medium_training_rep4,DONE,linear,statsmodels,medium,training,,,,0.843,0.00397075,0.004359708,18.546875,2.2774096035957334,,2.7015535036722818
linear_statsmodels_medium_inference_rep4,DONE,linear,statsmodels,medium,inference,nan,nan,0.5554700019907838,0.634,0.0021937500000000004,0.00263475,18.84375,1.6538068389892577,,2.6085281372070312
logistic_statsmodels_medium_training_rep4,DONE,logistic,statsmodels,medium,training,,,,1.052,0.003426708,0.003911500000000001,18.484375,2.938513277326311,,2.7932635716029575
logistic_statsmodels_medium_inference_rep4,DONE,logistic,statsmodels,medium,inference,0.97808,0.9672969297887078,nan,0.834,0.006863833,0.007879208,18.75,2.285179693222046,,2.740023612976074
logistic_sklearn_large_training_rep4,DONE,logistic,sklearn,large,training,,,,1.052,0.0031432079999999998,0.0035936250000000005,18.59375,2.959453145708356,,2.813168389456612
logistic_sklearn_large_inference_rep4,DONE,logistic,sklearn,large,inference,1.0,1.0,nan,0.843,0.0025566250000000003,0.0028653339999999998,18.5625,2.338586788654327,,2.7741243044535318
linear_sklearn_medium_training_rep5,DONE,linear,sklearn,medium,training,,,,0.834,0.006945625,0.007989166,17.953125,2.2406985425949095,,2.6866888999938965
linear_sklearn_medium_inference_rep5,DONE,linear,sklearn,medium,inference,nan,nan,0.5554700019907828,0.628,0.0023685,0.002782375,18.703125,1.6809041282653807,,2.6765989303588866
logistic_sklearn_small_training_rep5,DONE,logistic,sklearn,small,training,,,,0.634,0.0029145,0.003183333000000001,18.984375,1.6548786052703857,,2.6102186203002926
logistic_sklearn_small_inference_rep5,DONE,logistic,sklearn,small,inference,0.9785,0.9678668182966892,nan,0.634,0.0032022910000000003,0.0037612089999999997,18.796875,1.8777271480560302,,2.961714744567871
logistic_sklearn_medium_training_rep5,DONE,logistic,sklearn,medium,training,,,,0.842,0.005978249999999999,0.0070873329999999995,18.578125,2.3284069204330446,,2.7653288841247563
logistic_sklearn_medium_inference_rep5,DONE,logistic,sklearn,medium,inference,0.97808,0.9672969297887078,nan,0.626,0.0021880830000000004,0.0025718749999999995,18.625,1.8950522338867188,,3.027239990234375
logistic_statsmodels_small_training_rep5,DONE,logistic,statsmodels,small,training,,,,0.634,0.0021892920000000002,0.0025847909999999995,18.921875,1.6581398559570313,,2.615362548828125
logistic_statsmodels_small_inference_rep5,DONE,logistic,statsmodels,small,inference,0.9785,0.9678668182966892,nan,0.634,0.0028175,0.003149457999999999,19.09375,1.5912794403076171,,2.509904479980469
linear_statsmodels_small_training_rep5,DONE,linear,statsmodels,small,training,,,,0.626,0.002617792,0.002995917,18.625,1.6022585388183594,,2.5595184326171876
linear_statsmodels_small_inference_rep5,DONE,linear,statsmodels,small,inference,nan,nan,0.0096459506580489,0.634,0.0031594160000000004,0.003587665999999999,19.296875,1.6232706298828123,,2.5603637695312496
linear_sklearn_small_training_rep5,DONE,linear,sklearn,small,training,,,,0.627,0.0029280420000000005,0.0030656249999999998,17.8125,1.692041816711426,,2.698631286621094
linear_sklearn_small_inference_rep5,DONE,linear,sklearn,small,inference,nan,nan,0.0096459506580444,0.634,0.003239416,0.0036015000000000005,18.640625,1.6583027431488035,,2.6156194686889647
logistic_statsmodels_large_training_rep5,DONE,logistic,statsmodels,large,training,,,,6.895,0.004297666,0.0050502920000000005,18.9375,93.07264545345305,,13.498570769173757
logistic_statsmodels_large_inference_rep5,DONE,logistic,statsmodels,large,inference,1.0,1.0,nan,1.051,0.005133708999999999,0.006208125000000001,18.6875,2.9525985133307318,,2.8093230383736745
linear_statsmodels_medium_training_rep5,DONE,linear,statsmodels,medium,training,,,,0.838,0.003866,0.0042208340000000006,18.859375,2.237438619295756,,2.669974486033122
linear_statsmodels_medium_inference_rep5,DONE,linear,statsmodels,medium,inference,nan,nan,0.5554700019907838,0.634,0.0021380410000000002,0.0025461250000000006,18.484375,1.6543560844421386,,2.6093944549560546
logistic_sklearn_large_training_rep5,DONE,logistic,sklearn,large,training,,,,1.045,0.0026536660000000007,0.0030909579999999996,19.0625,2.891849349566868,,2.7673199517386298
logistic_sklearn_large_inference_rep5,DONE,logistic,sklearn,large,inference,1.0,1.0,nan,0.843,0.0027242090000000004,0.003060041999999999,18.8125,2.2330538129806516,,2.648936907450358
linear_sklearn_large_training_rep5,DONE,linear,sklearn,large,training,,,,1.052,0.0036031250000000004,0.00404625,18.453125,3.134535423823765,,2.979596410478864
linear_sklearn_large_inference_rep5,DONE,linear,sklearn,large,inference,nan,nan,0.6725440184152253,0.843,0.002753291,0.0031649999999999994,19.390625,2.308562567234039,,2.738508383433024
linear_statsmodels_large_training_rep5,DONE,linear,statsmodels,large,training,,,,1.255,0.002299084,0.0026778749999999997,19.09375,3.634740800857544,,2.8962078094482426
linear_statsmodels_large_inference_rep5,DONE,linear,statsmodels,large,inference,nan,nan,0.6725440184152305,1.048,0.004760167,0.006038625000000001,19.09375,2.9324274270193915,,2.7981177738734653
logistic_statsmodels_medium_training_rep5,DONE,logistic,statsmodels,medium,training,,,,1.052,0.0034251249999999994,0.003995,18.484375,2.96290308870588,,2.816447802952357
logistic_statsmodels_medium_inference_rep5,DONE,logistic,statsmodels,medium,inference,0.97808,0.9672969297887078,nan,0.63,0.002180792,0.0025851249999999997,18.5625,1.5935029335021973,,2.5293697357177733
linear_sklearn_small_training_rep6,DONE,linear,sklearn,small,training,,,,0.624,0.002860375,0.0031154579999999998,18.078125,1.6933920684814452,,2.7137693405151366
linear_sklearn_small_inference_rep6,DONE,linear,sklearn,small,inference,nan,nan,0.0096459506580444,0.634,0.0030631669999999995,0.003428707999999999,19.359375,1.6386268894195557,,2.5845849990844725
linear_sklearn_large_training_rep6,DONE,linear,sklearn,large,training,,,,1.052,0.004451416000000001,0.005270166999999999,17.96875,2.9071831626892086,,2.7634820938110347
linear_sklearn_large_inference_rep6,DONE,linear,sklearn,large,inference,nan,nan,0.6725440184152253,0.843,0.0029850829999999995,0.003488166000000001,19.234375,2.709543818473816,,3.2141682306925454
logistic_sklearn_medium_training_rep6,DONE,logistic,sklearn,medium,training,,,,0.843,0.00663775,0.007862875,18.328125,2.122278429985046,,2.517530759175618
logistic_sklearn_medium_inference_rep6,DONE,logistic,sklearn,medium,inference,0.97808,0.9672969297887078,nan,0.634,0.0023325,0.002608542,18.578125,1.5858145568847657,,2.5012847900390627
linear_statsmodels_small_training_rep6,DONE,linear,statsmodels,small,training,,,,0.631,0.0028168330000000004,0.003206457999999999,19.46875,2.574818747520447,,4.080536842346191
linear_statsmodels_small_inference_rep6,DONE,linear,statsmodels,small,inference,nan,nan,0.0096459506580489,0.633,0.003050375,0.0031913749999999998,18.15625,1.8757094615936278,,2.963206100463867
linear_statsmodels_medium_training_rep6,DONE,linear,statsmodels,medium,training,,,,0.843,0.004202249999999999,0.004627459,19.015625,2.3369605369567865,,2.7721951802571607
linear_statsmodels_medium_inference_rep6,DONE,linear,statsmodels,medium,inference,nan,nan,0.5554700019907838,0.634,0.002237625,0.0026692090000000005,18.96875,1.7787881134033203,,2.8056594848632814
linear_sklearn_medium_training_rep6,DONE,linear,sklearn,medium,training,,,,0.842,0.0070053749999999994,0.008270749999999999,18.734375,2.3800319255193076,,2.8266412417093916
linear_sklearn_medium_inference_rep6,DONE,linear,sklearn,medium,inference,nan,nan,0.5554700019907828,0.625,0.002301625,0.0026125839999999994,18.625,1.7072676420211792,,2.7316282272338865
logistic_statsmodels_medium_training_rep6,DONE,logistic,statsmodels,medium,training,,,,1.052,0.0034465419999999995,0.004060917000000001,18.6875,2.982483245849609,,2.835060119628906
logistic_statsmodels_medium_inference_rep6,DONE,logistic,statsmodels,medium,inference,0.97808,0.9672969297887078,nan,0.842,0.006653875000000001,0.007807667,18.109375,2.34275842666626,,2.782373428344727
logistic_sklearn_small_training_rep6,DONE,logistic,sklearn,small,training,,,,0.634,0.0029611670000000007,0.0032347079999999993,18.9375,1.6377227264404297,,2.5831588745117187
logistic_sklearn_small_inference_rep6,DONE,logistic,sklearn,small,inference,0.9785,0.9678668182966892,nan,0.634,0.0033911670000000005,0.003675833,18.109375,1.6786734371185301,,2.6477499008178706
logistic_statsmodels_small_training_rep6,DONE,logistic,statsmodels,small,training,,,,0.634,0.002177875,0.0025353750000000003,18.015625,1.683227869415283,,2.6549335479736325
logistic_statsmodels_small_inference_rep6,DONE,logistic,statsmodels,small,inference,0.9785,0.9678668182966892,nan,0.635,0.003028458,0.0035080419999999994,19.171875,1.8767565689086914,,2.955522155761719
logistic_statsmodels_large_training_rep6,DONE,logistic,statsmodels,large,training,,,,6.691,0.0029069169999999993,0.0034220830000000002,18.65625,94.70202806800951,,14.153643411748545
logistic_statsmodels_large_inference_rep6,DONE,logistic,statsmodels,large,inference,1.0,1.0,nan,1.05,0.005250125,0.006463375,18.796875,3.14597246646881,,2.9961642537798188
linear_statsmodels_large_training_rep6,DONE,linear,statsmodels,large,training,,,,1.261,0.002150583,0.0025346250000000004,18.703125,3.625694586515427,,2.8752534389495854
linear_statsmodels_large_inference_rep6,DONE,linear,statsmodels,large,inference,nan,nan,0.6725440184152305,1.052,0.002536125,0.0029734589999999995,19.328125,2.8958852479117256,,2.752742631094796
logistic_sklearn_large_training_rep6,DONE,logistic,sklearn,large,training,,,,1.052,0.003115625,0.0036137910000000007,19.03125,2.8437370899745393,,2.7031721387590677
logistic_sklearn_large_inference_rep6,DONE,logistic,sklearn,large,inference,1.0,1.0,nan,0.841,0.002591375,0.0030454999999999996,19.359375,2.183842906951904,,2.596721649169922
logistic_sklearn_medium_training_rep7,DONE,logistic,sklearn,medium,training,,,,0.843,0.006688207999999999,0.007812709,18.21875,2.34260103225708,,2.7788861592610674
logistic_sklearn_medium_inference_rep7,DONE,logistic,sklearn,medium,inference,0.97808,0.9672969297887078,nan,0.625,0.002323792,0.0026511670000000003,19.28125,1.5516910552978516,,2.4827056884765626
logistic_sklearn_large_training_rep7,DONE,logistic,sklearn,large,training,,,,1.052,0.002896083,0.0031938329999999992,18.4375,2.758153966631208,,2.621819359915597
logistic_sklearn_large_inference_rep7,DONE,logistic,sklearn,large,inference,1.0,1.0,nan,0.843,0.002705542,0.003163708999999999,19.203125,2.3612834310531614,,2.801047960917155
logistic_sklearn_small_training_rep7,DONE,logistic,sklearn,small,training,,,,0.634,0.002810542,0.0031512910000000005,18.515625,1.6937801055908202,,2.671577453613281
logistic_sklearn_small_inference_rep7,DONE,logistic,sklearn,small,inference,0.9785,0.9678668182966892,nan,0.634,0.0031847919999999997,0.0038087500000000014,19.328125,1.6772064849853514,,2.645436096191406
linear_sklearn_small_training_rep7,DONE,linear,sklearn,small,training,,,,0.634,0.003188041,0.0036407080000000003,18.5,1.6711214935302734,,2.6358383178710936
linear_sklearn_small_inference_rep7,DONE,linear,sklearn,small,inference,nan,nan,0.0096459506580444,0.633,0.0032792500000000005,0.0037438339999999997,18.515625,1.672678546142578,,2.6424621582031245
logistic_statsmodels_small_training_rep7,DONE,logistic,statsmodels,small,training,,,,0.634,0.0023819999999999996,0.00272675,18.4375,1.6648391510009766,,2.625929260253906
logistic_statsmodels_small_inference_rep7,DONE,logistic,statsmodels,small,inference,0.9785,0.9678668182966892,nan,0.634,0.00308225,0.0034925420000000013,19.125,1.6724748962402343,,2.6379730224609372
linear_sklearn_medium_training_rep7,DONE,linear,sklearn,medium,training,,,,0.632,0.002207584,0.0026261670000000004,19.375,1.7551101974487306,,2.777073097229004
linear_sklearn_medium_inference_rep7,DONE,linear,sklearn,medium,inference,nan,nan,0.5554700019907828,0.625,0.002312125,0.0026852499999999993,19.34375,1.6926656365394592,,2.708265018463135
linear_statsmodels_medium_training_rep7,DONE,linear,statsmodels,medium,training,,,,0.839,0.003366083,0.004110666000000001,18.96875,2.2162125624815623,,2.6414929231007895
linear_statsmodels_medium_inference_rep7,DONE,linear,statsmodels,medium,inference,nan,nan,0.5554700019907838,0.834,0.0040094169999999995,0.004915000000000001,18.5,2.8095852351188655,,3.3688072363535557
linear_statsmodels_large_training_rep7,DONE,linear,statsmodels,large,training,,,,1.261,0.0022133329999999996,0.0026675840000000006,19.25,4.325483904421329,,3.4302013516426086
linear_statsmodels_large_inference_rep7,DONE,linear,statsmodels,large,inference,nan,nan,0.6725440184152305,1.052,0.005202041,0.006659957999999999,18.78125,2.7813113381522037,,2.6438320704868854
linear_statsmodels_small_training_rep7,DONE,linear,statsmodels,small,training,,,,0.63,0.002661875,0.003101374999999999,19.03125,1.4725692443847656,,2.3374114990234376
linear_statsmodels_small_inference_rep7,DONE,linear,statsmodels,small,inference,nan,nan,0.0096459506580489,0.634,0.003171,0.0036387500000000014,18.796875,1.520621467590332,,2.398456573486328
logistic_statsmodels_large_training_rep7,DONE,logistic,statsmodels,large,training,,,,6.696,0.003792417,0.004537458000000001,19.703125,91.61560540008544,,13.68213939666748
logistic_statsmodels_large_inference_rep7,DONE,logistic,statsmodels,large,inference,1.0,1.0,nan,1.051,0.003916790999999999,0.0046277079999999995,19.171875,3.5908615156582417,,3.4166141918727324
linear_sklearn_large_training_rep7,DONE,linear,sklearn,large,training,,,,1.051,0.0026110410000000006,0.003062167000000001,19.078125,4.012351128714426,,3.817650931222099
linear_sklearn_large_inference_rep7,DONE,linear,sklearn,large,inference,nan,nan,0.6725440184152253,0.842,0.002665667,0.002894125000000001,18.046875,2.8376141136487325,,3.37008802096049
logistic_statsmodels_medium_training_rep7,DONE,logistic,statsmodels,medium,training,,,,1.047,0.003112875,0.003647665999999999,19.0625,2.7830065136637003,,2.658076899392264
logistic_statsmodels_medium_inference_rep7,DONE,logistic,statsmodels,medium,inference,0.97808,0.9672969297887078,nan,0.633,0.002196708,0.002646457999999999,19.046875,1.5358025344848631,,2.426228332519531
logistic_statsmodels_small_training_rep8,DONE,logistic,statsmodels,small,training,,,,0.634,0.0022385,0.0025753750000000013,17.890625,1.7067254653930664,,2.6919960021972655
logistic_statsmodels_small_inference_rep8,DONE,logistic,statsmodels,small,inference,0.9785,0.9678668182966892,nan,0.634,0.0029235840000000003,0.0033423340000000006,17.96875,1.6928692916870116,,2.6701408386230465
linear_statsmodels_small_training_rep8,DONE,linear,statsmodels,small,training,,,,0.633,0.0027735000000000004,0.0030559160000000005,18.0,1.755017999267578,,2.7725402832031247
linear_statsmodels_small_inference_rep8,DONE,linear,statsmodels,small,inference,nan,nan,0.0096459506580489,0.628,0.002864917,0.003210292,19.203125,1.6036696197509763,,2.5536140441894526
linear_sklearn_large_training_rep8,DONE,linear,sklearn,large,training,,,,1.052,0.0038099159999999996,0.004242458,18.765625,2.8655559621538433,,2.723912511553083
linear_sklearn_large_inference_rep8,DONE,linear,sklearn,large,inference,nan,nan,0.6725440184152253,0.835,0.0024414579999999996,0.002891333999999999,19.046875,2.2757825024922687,,2.7254880269368487
logistic_sklearn_small_training_rep8,DONE,logistic,sklearn,small,training,,,,0.634,0.0028302909999999995,0.0030167500000000003,17.984375,1.634544793701172,,2.5781463623046874
logistic_sklearn_small_inference_rep8,DONE,logistic,sklearn,small,inference,0.9785,0.9678668182966892,nan,0.624,0.002984,0.003277541,18.890625,1.6739840698242188,,2.682666778564453
logistic_sklearn_large_training_rep8,DONE,logistic,sklearn,large,training,,,,1.052,0.0033385,0.0038146250000000003,19.328125,2.949582590920584,,2.803785732814243
logistic_sklearn_large_inference_rep8,DONE,logistic,sklearn,large,inference,1.0,1.0,nan,0.84,0.0026662499999999993,0.0029520830000000003,18.453125,2.403729248046875,,2.8615824381510415
linear_statsmodels_large_training_rep8,DONE,linear,statsmodels,large,training,,,,1.261,0.002414459,0.002782541999999999,17.890625,3.6019085408449176,,2.8563905954360966
linear_statsmodels_large_inference_rep8,DONE,linear,statsmodels,large,inference,nan,nan,0.6725440184152305,1.047,0.006465458,0.0076823329999999995,18.265625,2.7603449108260016,,2.636432579585484
logistic_statsmodels_medium_training_rep8,DONE,logistic,statsmodels,medium,training,,,,1.052,0.003624083,0.004108083,17.984375,2.8186908563886366,,2.6793639319283615
logistic_statsmodels_medium_inference_rep8,DONE,logistic,statsmodels,medium,inference,0.97808,0.9672969297887078,nan,0.841,0.006361459,0.007913875,18.875,2.1701942563851673,,2.580492575963338
linear_statsmodels_medium_training_rep8,DONE,linear,statsmodels,medium,training,,,,0.834,0.003787708,0.004099125,18.578125,2.315610997200012,,2.776511987050374
linear_statsmodels_medium_inference_rep8,DONE,linear,statsmodels,medium,inference,nan,nan,0.5554700019907838,0.634,0.0022559999999999998,0.002772374999999999,19.078125,1.6808004028320311,,2.651104736328125
linear_sklearn_medium_training_rep8,DONE,linear,sklearn,medium,training,,,,0.634,0.002162209,0.002543333,18.453125,1.565168635559082,,2.468720245361328
linear_sklearn_medium_inference_rep8,DONE,linear,sklearn,medium,inference,nan,nan,0.5554700019907828,0.634,0.0024696660000000006,0.0028855,19.390625,1.6389363388061522,,2.585073089599609
logistic_statsmodels_large_training_rep8,DONE,logistic,statsmodels,large,training,,,,6.906,0.0036893329999999995,0.004175208,18.265625,93.78673986241476,,13.580472033364432
logistic_statsmodels_large_inference_rep8,DONE,logistic,statsmodels,large,inference,1.0,1.0,nan,1.052,0.0072880409999999994,0.008571792,18.6875,2.9520433142525806,,2.8061248234340117
logistic_sklearn_medium_training_rep8,DONE,logistic,sklearn,medium,training,,,,0.835,0.004916542,0.005834792,17.9375,2.2758856256802877,,2.7256115277608237
logistic_sklearn_medium_inference_rep8,DONE,logistic,sklearn,medium,inference,0.97808,0.9672969297887078,nan,0.633,0.002263416,0.0026029169999999997,18.046875,1.7070185256958006,,2.696711730957031
linear_sklearn_small_training_rep8,DONE,linear,sklearn,small,training,,,,0.633,0.002807917,0.0031431670000000005,18.078125,1.6095445569992064,,2.5427244186401365
linear_sklearn_small_inference_rep8,DONE,linear,sklearn,small,inference,nan,nan,0.0096459506580444,0.634,0.0031372500000000003,0.0037053330000000016,18.859375,1.7521278818130492,,2.763608646392822
logistic_statsmodels_large_training_rep9,DONE,logistic,statsmodels,large,training,,,,6.696,0.006149083999999999,0.007902,20.34375,93.38566130952273,,13.946484663907219
logistic_statsmodels_large_inference_rep9,DONE,logistic,statsmodels,large,inference,1.0,1.0,nan,1.051,0.004611250000000001,0.005942332999999999,18.703125,2.7044182594844273,,2.573185784476144
logistic_statsmodels_medium_training_rep9,DONE,logistic,statsmodels,medium,training,,,,1.052,0.00330075,0.0037205830000000004,18.46875,2.6614485716138567,,2.529894079480852
logistic_statsmodels_medium_inference_rep9,DONE,logistic,statsmodels,medium,inference,0.97808,0.9672969297887078,nan,0.634,0.002217583,0.0026367909999999994,19.109375,1.5093037099838256,,2.3806052207946777
logistic_sklearn_large_training_rep9,DONE,logistic,sklearn,large,training,,,,1.052,0.0027754159999999997,0.003078541999999999,18.484375,2.6165661332266668,,2.487230164664132
logistic_sklearn_large_inference_rep9,DONE,logistic,sklearn,large,inference,1.0,1.0,nan,0.843,0.0027228750000000005,0.003019791000000001,18.53125,2.0413170361518858,,2.4214911460876465
logistic_sklearn_medium_training_rep9,DONE,logistic,sklearn,medium,training,,,,0.843,0.006617958,0.007722583000000001,18.625,2.0590042819976806,,2.442472457885742
logistic_sklearn_medium_inference_rep9,DONE,logistic,sklearn,medium,inference,0.97808,0.9672969297887078,nan,0.634,0.002348583,0.002727167,19.203125,1.5035769010543822,,2.371572399139404
logistic_statsmodels_small_training_rep9,DONE,logistic,statsmodels,small,training,,,,0.624,0.0021663749999999995,0.002577833,19.328125,1.5852012863159177,,2.5403866767883296
logistic_statsmodels_small_inference_rep9,DONE,logistic,statsmodels,small,inference,0.9785,0.9678668182966892,nan,0.634,0.003096875,0.0035202919999999995,19.34375,1.5164530307769777,,2.3918817520141604
linear_statsmodels_large_training_rep9,DONE,linear,statsmodels,large,training,,,,1.251,0.0021937500000000004,0.002631874999999999,18.5625,3.2878597009778017,,2.6281852126121517
linear_statsmodels_large_inference_rep9,DONE,linear,statsmodels,large,inference,nan,nan,0.6725440184152305,0.843,0.00218625,0.002606375,19.09375,2.0080537104606626,,2.382032871246338
logistic_sklearn_small_training_rep9,DONE,logistic,sklearn,small,training,,,,0.634,0.002982375,0.0034184159999999988,19.390625,1.5176612014770507,,2.393787384033203
logistic_sklearn_small_inference_rep9,DONE,logistic,sklearn,small,inference,0.9785,0.9678668182966892,nan,0.634,0.003201292,0.003692041,19.34375,1.4513811092376707,,2.289244651794433
linear_sklearn_large_training_rep9,DONE,linear,sklearn,large,training,,,,1.047,0.0036784589999999994,0.004181916999999999,18.421875,2.5690905827113557,,2.453763689313616
linear_sklearn_large_inference_rep9,DONE,linear,sklearn,large,inference,nan,nan,0.6725440184152253,0.835,0.0028116670000000003,0.0031734999999999992,18.734375,1.9798741642634072,,2.3711067835489907
linear_sklearn_medium_training_rep9,DONE,linear,sklearn,medium,training,,,,0.84,0.0070973749999999995,0.008135083000000001,18.578125,1.9989988231658935,,2.379760503768921
linear_sklearn_medium_inference_rep9,DONE,linear,sklearn,medium,inference,nan,nan,0.5554700019907828,0.634,0.002398917,0.0028269590000000004,18.921875,1.4732225040435791,,2.3236948013305665
linear_statsmodels_medium_training_rep9,DONE,linear,statsmodels,medium,training,,,,0.839,0.0037678340000000003,0.004071417000000001,18.046875,2.425673581202825,,2.8911484877268476
linear_statsmodels_medium_inference_rep9,DONE,linear,statsmodels,medium,inference,nan,nan,0.5554700019907838,0.841,0.006470916,0.007929000000000002,18.125,2.1780153504212696,,2.5897923310597735
linear_statsmodels_small_training_rep9,DONE,linear,statsmodels,small,training,,,,0.634,0.0028542080000000004,0.0031725830000000005,18.515625,1.4883909656524659,,2.3476198196411135
linear_statsmodels_small_inference_rep9,DONE,linear,statsmodels,small,inference,nan,nan,0.0096459506580489,0.634,0.002900208,0.0032273339999999992,19.1875,1.4354025045394896,,2.264041805267334
linear_sklearn_small_training_rep9,DONE,linear,sklearn,small,training,,,,0.634,0.003102625,0.003537625,19.328125,1.485594251823425,,2.343208599090576
linear_sklearn_small_inference_rep9,DONE,linear,sklearn,small,inference,nan,nan,0.0096459506580444,0.627,0.0029347920000000003,0.0033527919999999994,19.046875,1.5545831814765931,,2.4793990135192874
linear_sklearn_medium_training_rep10,DONE,linear,sklearn,medium,training,,,,0.836,0.006629458,0.007792083000000001,18.28125,2.037695984840393,,2.4374353885650635
linear_sklearn_medium_inference_rep10,DONE,linear,sklearn,medium,inference,nan,nan,0.5554700019907828,0.625,0.0023837499999999996,0.002856583,19.34375,1.4060736298561096,,2.2497178077697755
linear_statsmodels_medium_training_rep10,DONE,linear,statsmodels,medium,training,,,,0.843,0.004094167,0.004493375,18.84375,1.9688487441539764,,2.335526386896769
linear_statsmodels_medium_inference_rep10,DONE,linear,statsmodels,medium,inference,nan,nan,0.5554700019907838,0.634,0.002299583,0.0026428749999999994,18.546875,1.4093502883911133,,2.222949981689453
logistic_statsmodels_large_training_rep10,DONE,logistic,statsmodels,large,training,,,,6.69,0.005592334,0.0072187910000000004,20.328125,90.34317500142488,,13.50421150992898
logistic_statsmodels_large_inference_rep10,DONE,logistic,statsmodels,large,inference,1.0,1.0,nan,1.052,0.006543292,0.007875833,18.34375,2.650846636363438,,2.519816194261823
linear_statsmodels_small_training_rep10,DONE,linear,statsmodels,small,training,,,,0.621,0.002615792,0.0028076660000000003,17.890625,1.4383284379005432,,2.316148853302002
linear_statsmodels_small_inference_rep10,DONE,linear,statsmodels,small,inference,nan,nan,0.0096459506580489,0.63,0.0027635839999999995,0.003146584,19.09375,1.458908938407898,,2.31572847366333
logistic_statsmodels_medium_training_rep10,DONE,logistic,statsmodels,medium,training,,,,1.05,0.003358417,0.0038832910000000005,18.78125,2.5955131530761717,,2.471917288643973
logistic_statsmodels_medium_inference_rep10,DONE,logistic,statsmodels,medium,inference,0.97808,0.9672969297887078,nan,0.633,0.002175542,0.0025427080000000003,18.5625,1.4245289586067198,,2.250440692901611
logistic_sklearn_medium_training_rep10,DONE,logistic,sklearn,medium,training,,,,0.843,0.006686958,0.007903542,18.703125,1.9631480197906492,,2.328763961791992
logistic_sklearn_medium_inference_rep10,DONE,logistic,sklearn,medium,inference,0.97808,0.9672969297887078,nan,0.632,0.002182667,0.002622,18.453125,1.41671683883667,,2.241640567779541
linear_statsmodels_large_training_rep10,DONE,linear,statsmodels,large,training,,,,1.261,0.0021475,0.002534375,18.25,3.255322151005268,,2.5815401673316956
linear_statsmodels_large_inference_rep10,DONE,linear,statsmodels,large,inference,nan,nan,0.6725440184152305,0.843,0.0021839579999999997,0.0026009169999999995,19.34375,2.002825506210327,,2.375830968221029
logistic_sklearn_large_training_rep10,DONE,logistic,sklearn,large,training,,,,1.043,0.0027914159999999997,0.003196874999999999,18.296875,2.527099331378937,,2.422914028167725
logistic_sklearn_large_inference_rep10,DONE,logistic,sklearn,large,inference,1.0,1.0,nan,0.839,0.002563833,0.002914084,18.953125,1.9723098961512249,,2.3507865269978843
linear_sklearn_small_training_rep10,DONE,linear,sklearn,small,training,,,,0.634,0.0028440419999999998,0.0031799999999999997,19.21875,1.4136533157348632,,2.229737091064453
linear_sklearn_small_inference_rep10,DONE,linear,sklearn,small,inference,nan,nan,0.0096459506580444,0.628,0.003045375,0.003636166999999999,19.265625,1.5342892436981201,,2.4431357383728027
linear_sklearn_large_training_rep10,DONE,linear,sklearn,large,training,,,,1.052,0.0039673339999999994,0.004480209000000001,18.703125,2.7818981767381934,,2.644389901842389
linear_sklearn_large_inference_rep10,DONE,linear,sklearn,large,inference,nan,nan,0.6725440184152253,0.843,0.003162542,0.003643541,19.109375,1.9907709841728207,,2.361531416575114
logistic_sklearn_small_training_rep10,DONE,logistic,sklearn,small,training,,,,0.634,0.0028766250000000003,0.003299166000000001,19.28125,1.4390317932128907,,2.2697662353515624
logistic_sklearn_small_inference_rep10,DONE,logistic,sklearn,small,inference,0.9785,0.9678668182966892,nan,0.626,0.002979333,0.0033300000000000005,19.296875,1.3941442962646484,,2.227067565917969
logistic_statsmodels_small_training_rep10,DONE,logistic,statsmodels,small,training,,,,0.633,0.002190084,0.0025968329999999998,18.953125,1.8314882743835448,,2.8933464050292965
logistic_statsmodels_small_inference_rep10,DONE,logistic,statsmodels,small,inference,0.9785,0.9678668182966892,nan,0.625,0.0028670830000000003,0.0031281250000000007,18.5625,1.4353029131889343,,2.296484661102295
logistic_sklearn_small_training_rep11,DONE,logistic,sklearn,small,training,,,,0.634,0.002822209,0.0031253749999999997,19.125,1.42140811252594,,2.2419686317443848
logistic_sklearn_small_inference_rep11,DONE,logistic,sklearn,small,inference,0.9785,0.9678668182966892,nan,0.634,0.0030787090000000002,0.0034399170000000007,19.359375,1.4012156633377075,,2.210119342803955
logistic_sklearn_large_training_rep11,DONE,logistic,sklearn,large,training,,,,1.052,0.003155292,0.0036965419999999997,19.21875,2.5188925871167864,,2.3943845885140553
logistic_sklearn_large_inference_rep11,DONE,logistic,sklearn,large,inference,1.0,1.0,nan,0.842,0.0027045,0.003119624999999999,18.71875,1.9279679775238037,,2.289748191833496
linear_sklearn_medium_training_rep11,DONE,linear,sklearn,medium,training,,,,0.634,0.002234792,0.002614666,19.375,1.3952551651000975,,2.20071792602539
linear_sklearn_medium_inference_rep11,DONE,linear,sklearn,medium,inference,nan,nan,0.5554700019907828,0.633,0.002566791,0.0028985,18.734375,1.4000807510375977,,2.2118179321289064
linear_statsmodels_medium_training_rep11,DONE,linear,statsmodels,medium,training,,,,0.843,0.004072124999999999,0.004431208999999999,19.1875,1.9922249901294706,,2.3632562160491943
linear_statsmodels_medium_inference_rep11,DONE,linear,statsmodels,medium,inference,nan,nan,0.5554700019907838,0.634,0.002201833,0.002532291,18.359375,1.4361284832000734,,2.265186882019043
logistic_statsmodels_medium_training_rep11,DONE,logistic,statsmodels,medium,training,,,,1.052,0.0032484999999999997,0.003728167,18.6875,2.7862464005606515,,2.6485231944492886
logistic_statsmodels_medium_inference_rep11,DONE,logistic,statsmodels,medium,inference,0.97808,0.9672969297887078,nan,0.634,0.0023213339999999996,0.002695666,18.484375,1.4629528717041016,,2.3074966430664063
linear_sklearn_small_training_rep11,DONE,linear,sklearn,small,training,,,,0.634,0.002913542,0.0031730410000000006,18.59375,1.6770391235351563,,2.645172119140625
linear_sklearn_small_inference_rep11,DONE,linear,sklearn,small,inference,nan,nan,0.0096459506580444,0.625,0.0030500419999999998,0.003439042,19.328125,1.3616623878479004,,2.1786598205566405
logistic_statsmodels_small_training_rep11,DONE,logistic,statsmodels,small,training,,,,0.626,0.002141792,0.002577541000000001,19.046875,1.3662409881591797,,2.1824935913085937
logistic_statsmodels_small_inference_rep11,DONE,logistic,statsmodels,small,inference,0.9785,0.9678668182966892,nan,0.633,0.0030631670000000003,0.0035384579999999995,19.34375,1.3844593708992003,,2.1871396064758297
logistic_statsmodels_large_training_rep11,DONE,logistic,statsmodels,large,training,,,,6.684,0.004195542,0.0048550830000000005,20.28125,89.6797970937841,,13.417085142696603
logistic_statsmodels_large_inference_rep11,DONE,logistic,statsmodels,large,inference,1.0,1.0,nan,1.051,0.005039709,0.0062908750000000005,19.328125,2.5058772065298895,,2.3842789786202565
linear_statsmodels_small_training_rep11,DONE,linear,statsmodels,small,training,,,,0.634,0.002722292,0.0030832920000000005,19.359375,1.3915606369018554,,2.1948905944824215
linear_statsmodels_small_inference_rep11,DONE,linear,statsmodels,small,inference,nan,nan,0.0096459506580489,0.634,0.0029100830000000004,0.003224375,19.125,1.560458329772949,,2.461290740966797
linear_sklearn_large_training_rep11,DONE,linear,sklearn,large,training,,,,1.042,0.0032965000000000004,0.0038014170000000014,19.28125,2.5972747535705563,,2.4925861358642574
linear_sklearn_large_inference_rep11,DONE,linear,sklearn,large,inference,nan,nan,0.6725440184152253,0.843,0.0030332090000000003,0.003496457999999999,19.453125,1.977507057189941,,2.345797220865885
logistic_sklearn_medium_training_rep11,DONE,logistic,sklearn,medium,training,,,,0.843,0.006334917,0.007462375,18.734375,2.038600363731384,,2.41826852162679
logistic_sklearn_medium_inference_rep11,DONE,logistic,sklearn,medium,inference,0.97808,0.9672969297887078,nan,0.626,0.00224975,0.0026119589999999996,19.296875,1.3703526473999024,,2.189061737060547
linear_statsmodels_large_training_rep11,DONE,linear,statsmodels,large,training,,,,1.261,0.002411458,0.002888875,19.015625,3.1460241640210156,,2.4948645234107976
linear_statsmodels_large_inference_rep11,DONE,linear,statsmodels,large,inference,nan,nan,0.6725440184152305,1.043,0.006419541,0.007488542000000001,18.546875,2.4702480862140654,,2.3684066023145403
linear_statsmodels_large_training_rep12,DONE,linear,statsmodels,large,training,,,,1.261,0.002402792,0.0028080000000000006,18.0,3.037219236195088,,2.4085798859596257
linear_statsmodels_large_inference_rep12,DONE,linear,statsmodels,large,inference,nan,nan,0.6725440184152305,1.053,0.0072197500000000005,0.008228666999999999,18.4375,2.5315985798835756,,2.4041771888732915
logistic_statsmodels_medium_training_rep12,DONE,logistic,statsmodels,medium,training,,,,1.051,0.0036197919999999997,0.004250334,18.75,2.9941565044948035,,2.8488644191196992
logistic_statsmodels_medium_inference_rep12,DONE,logistic,statsmodels,medium,inference,0.97808,0.9672969297887078,nan,0.834,0.006819375,0.007846375,18.359375,2.0501149206161497,,2.4581713676452637
linear_statsmodels_medium_training_rep12,DONE,linear,statsmodels,medium,training,,,,0.836,0.0038119169999999997,0.0042562089999999995,18.546875,1.9355378376642864,,2.3152366479237876
linear_statsmodels_medium_inference_rep12,DONE,linear,statsmodels,medium,inference,nan,nan,0.5554700019907838,0.63,0.00223175,0.0026676670000000003,19.296875,1.3846483769416806,,2.197854566574096
linear_sklearn_large_training_rep12,DONE,linear,sklearn,large,training,,,,1.052,0.003923208,0.0043040000000000005,18.34375,2.5774388908658707,,2.4500369685036794
linear_sklearn_large_inference_rep12,DONE,linear,sklearn,large,inference,nan,nan,0.6725440184152253,0.835,0.002793833,0.003144749999999999,18.546875,1.937645218769709,,2.320533196131388
logistic_sklearn_small_training_rep12,DONE,logistic,sklearn,small,training,,,,0.632,0.0027286670000000006,0.0030829159999999998,19.125,1.3938164703369142,,2.2054058074951173
logistic_sklearn_small_inference_rep12,DONE,logistic,sklearn,small,inference,0.9785,0.9678668182966892,nan,0.634,0.0033918750000000004,0.003926959000000001,18.859375,1.390927227020264,,2.193891525268555
logistic_statsmodels_small_training_rep12,DONE,logistic,statsmodels,small,training,,,,0.633,0.0024690840000000003,0.0027661249999999995,17.90625,1.3820427961349486,,2.183321952819824
logistic_statsmodels_small_inference_rep12,DONE,logistic,statsmodels,small,inference,0.9785,0.9678668182966892,nan,0.628,0.002944208,0.003229583000000001,18.75,1.379146335983276,,2.1960928916931146
logistic_sklearn_large_training_rep12,DONE,logistic,sklearn,large,training,,,,1.052,0.0030028750000000003,0.0034545,19.125,2.4574049600873673,,2.3359362738473073
logistic_sklearn_large_inference_rep12,DONE,logistic,sklearn,large,inference,1.0,1.0,nan,0.835,0.0025951660000000003,0.002866833,18.53125,1.9368649266163507,,2.3195987145105996
linear_sklearn_medium_training_rep12,DONE,linear,sklearn,medium,training,,,,0.825,0.006510041,0.007873708,18.6875,1.886326190829277,,2.286455988883972
linear_sklearn_medium_inference_rep12,DONE,linear,sklearn,medium,inference,nan,nan,0.5554700019907828,0.634,0.002511958,0.002908667,18.5625,1.3744798228263857,,2.1679492473602298
logistic_sklearn_medium_training_rep12,DONE,logistic,sklearn,medium,training,,,,0.842,0.0064226249999999995,0.007557,18.484375,1.9106453943252566,,2.2691750526428227
logistic_sklearn_medium_inference_rep12,DONE,logistic,sklearn,medium,inference,0.97808,0.9672969297887078,nan,0.634,0.002300667,0.002671792,18.65625,1.3680569946289063,,2.157818603515625
linear_sklearn_small_training_rep12,DONE,linear,sklearn,small,training,,,,0.631,0.0032486249999999998,0.003786834,18.828125,1.3992411580562594,,2.2174978733062747
linear_sklearn_small_inference_rep12,DONE,linear,sklearn,small,inference,nan,nan,0.0096459506580444,0.628,0.0031265419999999995,0.003614125000000001,19.328125,1.3958507038116457,,2.2226922035217287
linear_statsmodels_small_training_rep12,DONE,linear,statsmodels,small,training,,,,0.634,0.0028016249999999994,0.003149209,19.234375,1.4105380528450011,,2.224823427200317
linear_statsmodels_small_inference_rep12,DONE,linear,statsmodels,small,inference,nan,nan,0.0096459506580489,0.634,0.002670416,0.0030912499999999994,19.0,1.398185925292969,,2.205340576171875
logistic_statsmodels_large_training_rep12,DONE,logistic,statsmodels,large,training,,,,6.685,0.00444925,0.004973166999999999,19.15625,91.31390972971916,,13.659522771835327
logistic_statsmodels_large_inference_rep12,DONE,logistic,statsmodels,large,inference,1.0,1.0,nan,1.052,0.006105208000000001,0.007180707999999999,18.8125,2.5771913709640497,,2.449801683425903
logistic_sklearn_small_training_rep13,DONE,logistic,sklearn,small,training,,,,0.634,0.0028204169999999995,0.0031184160000000006,19.34375,1.3844171205520628,,2.1836232185363764
logistic_sklearn_small_inference_rep13,DONE,logistic,sklearn,small,inference,0.9785,0.9678668182966892,nan,0.634,0.003042542,0.003324457999999999,18.71875,1.3846621768951415,,2.184009742736816
linear_sklearn_small_training_rep13,DONE,linear,sklearn,small,training,,,,0.634,0.0030007909999999996,0.003279084,19.421875,1.4932144580841062,,2.3552278518676752
linear_sklearn_small_inference_rep13,DONE,linear,sklearn,small,inference,nan,nan,0.0096459506580444,0.629,0.0032468749999999998,0.003732000000000001,19.21875,1.36519158744812,,2.170415878295898
logistic_statsmodels_large_training_rep13,DONE,logistic,statsmodels,large,training,,,,6.473,0.002746833,0.003074540999999999,20.078125,87.81465930505955,,13.566299908088915
logistic_statsmodels_large_inference_rep13,DONE,logistic,statsmodels,large,inference,1.0,1.0,nan,1.051,0.005074250000000001,0.006134332999999999,17.9375,2.508355851786477,,2.386637347085135
logistic_statsmodels_small_training_rep13,DONE,logistic,statsmodels,small,training,,,,0.631,0.002183458,0.002568000000000001,18.5,1.4132872470855713,,2.2397579193115233
logistic_statsmodels_small_inference_rep13,DONE,logistic,statsmodels,small,inference,0.9785,0.9678668182966892,nan,0.632,0.002936458,0.0032131669999999994,18.59375,1.4687878753662111,,2.324031448364258
linear_statsmodels_small_training_rep13,DONE,linear,statsmodels,small,training,,,,0.626,0.0026792909999999994,0.0031370419999999996,19.328125,1.3851856825828552,,2.2127566814422606
linear_statsmodels_small_inference_rep13,DONE,linear,statsmodels,small,inference,nan,nan,0.0096459506580489,0.633,0.003248125,0.00386125,19.109375,1.361835803747177,,2.1513993740081783
linear_sklearn_medium_training_rep13,DONE,linear,sklearn,medium,training,,,,0.634,0.002167,0.0025265839999999993,18.578125,1.366687266921997,,2.155658149719238
linear_sklearn_medium_inference_rep13,DONE,linear,sklearn,medium,inference,nan,nan,0.5554700019907828,0.629,0.002467084,0.0027636249999999987,17.921875,1.3820203319549558,,2.1971706390380854
logistic_sklearn_large_training_rep13,DONE,logistic,sklearn,large,training,,,,1.052,0.0029509169999999995,0.003384582999999999,19.15625,2.476725988115583,,2.3543022700718472
logistic_sklearn_large_inference_rep13,DONE,logistic,sklearn,large,inference,1.0,1.0,nan,0.843,0.0025025000000000004,0.0029344999999999996,18.75,2.0112862491607664,,2.3858674367268877
linear_sklearn_large_training_rep13,DONE,linear,sklearn,large,training,,,,1.052,0.0036306669999999997,0.004149041000000001,18.34375,2.4661592388153073,,2.344257831573486
linear_sklearn_large_inference_rep13,DONE,linear,sklearn,large,inference,nan,nan,0.6725440184152253,0.84,0.002828375,0.0031817499999999997,19.140625,2.2725268125534055,,2.705389062563578
logistic_sklearn_medium_training_rep13,DONE,logistic,sklearn,medium,training,,,,0.843,0.006069916999999999,0.007533,18.625,2.043283692598343,,2.4238240718841553
logistic_sklearn_medium_inference_rep13,DONE,logistic,sklearn,medium,inference,0.97808,0.9672969297887078,nan,0.634,0.0022994160000000003,0.0026723330000000007,19.15625,1.3772161643981933,,2.172265243530273
linear_statsmodels_large_training_rep13,DONE,linear,statsmodels,large,training,,,,1.253,0.00220125,0.00263675,19.21875,3.078246403455734,,2.4567010402679443
linear_statsmodels_large_inference_rep13,DONE,linear,statsmodels,large,inference,nan,nan,0.6725440184152305,0.843,0.002176416,0.0025629170000000005,18.546875,1.9279014897346494,,2.2869531313578286
linear_statsmodels_medium_training_rep13,DONE,linear,statsmodels,medium,training,,,,0.84,0.0038694590000000004,0.004342084,18.84375,1.899964814186096,,2.261862874031067
linear_statsmodels_medium_inference_rep13,DONE,linear,statsmodels,medium,inference,nan,nan,0.5554700019907838,0.634,0.0023379580000000002,0.0026873750000000005,18.828125,1.3797030660629273,,2.176187801361084
logistic_statsmodels_medium_training_rep13,DONE,logistic,statsmodels,medium,training,,,,1.052,0.0033244580000000006,0.0038744589999999994,18.34375,2.449075349262782,,2.328018392835344
logistic_statsmodels_medium_inference_rep13,DONE,logistic,statsmodels,medium,inference,0.97808,0.9672969297887078,nan,0.624,0.002132708,0.0025080829999999995,18.640625,1.3447206665039062,,2.1550010681152343
linear_sklearn_small_training_rep14,DONE,linear,sklearn,small,training,,,,0.634,0.0033172500000000003,0.0037636249999999996,19.25,1.3481180061340332,,2.126369094848633
linear_sklearn_small_inference_rep14,DONE,linear,sklearn,small,inference,nan,nan,0.0096459506580444,0.635,0.003468458,0.003925709,18.984375,1.3642667751312256,,2.1484516143798826
logistic_sklearn_medium_training_rep14,DONE,logistic,sklearn,medium,training,,,,0.842,0.006291875000000001,0.007339291999999999,18.96875,2.151945056994756,,2.55575422445933
logistic_sklearn_medium_inference_rep14,DONE,logistic,sklearn,medium,inference,0.97808,0.9672969297887078,nan,0.634,0.0022556670000000003,0.002675541,19.09375,1.453413873672485,,2.292450904846191
linear_statsmodels_medium_training_rep14,DONE,linear,statsmodels,medium,training,,,,0.843,0.003933583,0.004353167,18.609375,1.8702279411554334,,2.2185384829839068
linear_statsmodels_medium_inference_rep14,DONE,linear,statsmodels,medium,inference,nan,nan,0.5554700019907838,0.624,0.002202917,0.0025425840000000005,18.671875,1.3995964324951173,,2.242943000793457
linear_sklearn_large_training_rep14,DONE,linear,sklearn,large,training,,,,1.052,0.0038570420000000006,0.004322,19.046875,2.4749017291750226,,2.352568183626447
linear_sklearn_large_inference_rep14,DONE,linear,sklearn,large,inference,nan,nan,0.6725440184152253,0.84,0.0029552920000000004,0.0034770420000000005,19.328125,1.9163057422637937,,2.2813163598378496
logistic_statsmodels_small_training_rep14,DONE,logistic,statsmodels,small,training,,,,0.628,0.002175375,0.0026190840000000007,18.453125,1.346676208114624,,2.1443888664245603
logistic_statsmodels_small_inference_rep14,DONE,logistic,statsmodels,small,inference,0.9785,0.9678668182966892,nan,0.634,0.0030226660000000002,0.0032240840000000003,17.984375,1.2903631296157836,,2.0352730751037598
linear_statsmodels_large_training_rep14,DONE,linear,statsmodels,large,training,,,,1.261,0.002379917,0.0027631670000000004,19.1875,2.842522726535797,,2.254181385040283
linear_statsmodels_large_inference_rep14,DONE,linear,statsmodels,large,inference,nan,nan,0.6725440184152305,1.042,0.006726084,0.007826167,18.796875,2.306702608517238,,2.213726111820766
logistic_statsmodels_large_training_rep14,DONE,logistic,statsmodels,large,training,,,,6.687,0.00400075,0.0047852500000000004,19.015625,90.85231783232268,,13.586409127011018
logistic_statsmodels_large_inference_rep14,DONE,logistic,statsmodels,large,inference,1.0,1.0,nan,1.043,0.004360208,0.0045089169999999994,18.0,2.682482030153275,,2.5718907288142616
logistic_statsmodels_medium_training_rep14,DONE,logistic,statsmodels,medium,training,,,,1.052,0.0033560409999999997,0.003835999999999999,18.6875,3.4506727297646655,,3.2801071575709746
logistic_statsmodels_medium_inference_rep14,DONE,logistic,statsmodels,medium,inference,0.97808,0.9672969297887078,nan,0.833,0.0059286669999999994,0.007199083,19.09375,2.7838721703688307,,3.3419833978017177
logistic_sklearn_small_training_rep14,DONE,logistic,sklearn,small,training,,,,0.633,0.0029164999999999994,0.003084875000000001,17.984375,2.136459756088257,,3.3751338958740233
logistic_sklearn_small_inference_rep14,DONE,logistic,sklearn,small,inference,0.9785,0.9678668182966892,nan,0.631,0.0028115,0.003228834,19.28125,1.6972013816833498,,2.689701080322266
linear_statsmodels_small_training_rep14,DONE,linear,statsmodels,small,training,,,,0.624,0.0026382080000000004,0.003280791,19.328125,1.4943745971679687,,2.394831085205078
linear_statsmodels_small_inference_rep14,DONE,linear,statsmodels,small,inference,nan,nan,0.0096459506580489,0.634,0.0029217919999999994,0.0033824999999999992,18.59375,1.4282224685668945,,2.252716827392578
logistic_sklearn_large_training_rep14,DONE,logistic,sklearn,large,training,,,,1.052,0.0029400419999999995,0.003471083,18.625,2.478726212637765,,2.356203624180385
logistic_sklearn_large_inference_rep14,DONE,logistic,sklearn,large,inference,1.0,1.0,nan,0.836,0.0025366669999999994,0.003061957999999999,19.171875,1.7469654010136924,,2.0896715323130293
linear_sklearn_medium_training_rep14,DONE,linear,sklearn,medium,training,,,,0.633,0.002188333,0.002599332999999999,19.4375,1.2743686374664305,,2.0132205963134764
linear_sklearn_medium_inference_rep14,DONE,linear,sklearn,medium,inference,nan,nan,0.5554700019907828,0.633,0.0025495419999999997,0.0029019170000000004,18.78125,1.2591403106689452,,1.9891632080078123
logistic_statsmodels_small_training_rep15,DONE,logistic,statsmodels,small,training,,,,0.634,0.002347792,0.0027437909999999998,18.703125,1.2948736053466796,,2.0423873901367187
logistic_statsmodels_small_inference_rep15,DONE,logistic,statsmodels,small,inference,0.9785,0.9678668182966892,nan,0.634,0.002999292,0.003251083,18.671875,1.2764691665649415,,2.013358306884766
logistic_statsmodels_large_training_rep15,DONE,logistic,statsmodels,large,training,,,,6.679,0.0029515,0.0034998749999999995,19.515625,89.66450482444903,,13.424839770092682
logistic_statsmodels_large_inference_rep15,DONE,logistic,statsmodels,large,inference,1.0,1.0,nan,1.049,0.0053915000000000005,0.006972333000000001,18.734375,2.3082236140796115,,2.2004038265773227
logistic_sklearn_small_training_rep15,DONE,logistic,sklearn,small,training,,,,0.634,0.0028389999999999995,0.0031323329999999993,18.5625,1.3601312388420106,,2.1453174114227296
logistic_sklearn_small_inference_rep15,DONE,logistic,sklearn,small,inference,0.9785,0.9678668182966892,nan,0.634,0.003165209,0.0036438749999999995,18.9375,1.3538769208908081,,2.1354525566101072
linear_sklearn_medium_training_rep15,DONE,linear,sklearn,medium,training,,,,0.842,0.006833499999999999,0.008060583,18.078125,1.835951582590739,,2.18046506245931
linear_sklearn_medium_inference_rep15,DONE,linear,sklearn,medium,inference,nan,nan,0.5554700019907828,0.634,0.002377791,0.0027835409999999996,18.5625,1.2478827667236327,,1.968269348144531
linear_statsmodels_large_training_rep15,DONE,linear,statsmodels,large,training,,,,1.261,0.002488125,0.0028996249999999994,18.328125,2.796114435195923,,2.2173786163330083
linear_statsmodels_large_inference_rep15,DONE,linear,statsmodels,large,inference,nan,nan,0.6725440184152305,1.051,0.006993958,0.008125125,18.671875,2.256400999443872,,2.14690865789141
logistic_sklearn_large_training_rep15,DONE,logistic,sklearn,large,training,,,,1.043,0.0027858329999999997,0.0031497089999999997,18.390625,2.255805023908615,,2.1628044332776755
logistic_sklearn_large_inference_rep15,DONE,logistic,sklearn,large,inference,1.0,1.0,nan,0.834,0.0025443749999999998,0.0029225840000000006,19.046875,1.7590608701705932,,2.1091856956481934
linear_sklearn_large_training_rep15,DONE,linear,sklearn,large,training,,,,1.052,0.0038104999999999997,0.004285499999999999,19.09375,2.3038926368440897,,2.190012012209211
linear_sklearn_large_inference_rep15,DONE,linear,sklearn,large,inference,nan,nan,0.6725440184152253,0.841,0.0030186249999999996,0.0032519579999999992,18.0,2.0620564595858255,,2.4519101778666177
linear_sklearn_small_training_rep15,DONE,linear,sklearn,small,training,,,,0.634,0.0031157919999999996,0.0036027080000000013,19.296875,1.2691060185432435,,2.001744508743286
linear_sklearn_small_inference_rep15,DONE,linear,sklearn,small,inference,nan,nan,0.0096459506580444,0.634,0.003202708,0.00364325,18.703125,1.2430991496086121,,1.9607242107391358
logistic_sklearn_medium_training_rep15,DONE,logistic,sklearn,medium,training,,,,0.843,0.006378125,0.007536332999999999,19.0,1.9542324435710907,,2.318187952041626
logistic_sklearn_medium_inference_rep15,DONE,logistic,sklearn,medium,inference,0.97808,0.9672969297887078,nan,0.625,0.002291625,0.002677125,18.578125,1.276447057723999,,2.0423152923583983
linear_statsmodels_small_training_rep15,DONE,linear,statsmodels,small,training,,,,0.633,0.0028177090000000003,0.003018999999999999,18.046875,1.3303462909698485,,2.101652908325195
linear_statsmodels_small_inference_rep15,DONE,linear,statsmodels,small,inference,nan,nan,0.0096459506580489,0.634,0.0032412910000000003,0.0036440829999999994,18.46875,1.277693087863922,,2.0152887821197507
logistic_statsmodels_medium_training_rep15,DONE,logistic,statsmodels,medium,training,,,,1.049,0.0037594579999999994,0.004312250000000001,18.59375,2.2791607956205095,,2.1726985658918108
logistic_statsmodels_medium_inference_rep15,DONE,logistic,statsmodels,medium,inference,0.97808,0.9672969297887078,nan,0.634,0.0022362500000000004,0.002501584000000001,18.03125,1.2632514513969422,,1.9925101757049561
linear_statsmodels_medium_training_rep15,DONE,linear,statsmodels,medium,training,,,,0.843,0.0039253330000000005,0.00441275,18.875,1.8067682152986522,,2.1432600418726597
linear_statsmodels_medium_inference_rep15,DONE,linear,statsmodels,medium,inference,nan,nan,0.5554700019907838,0.634,0.00218025,0.0025932080000000005,18.984375,1.3754985328674316,,2.1695560455322265
logistic_statsmodels_large_training_rep16,DONE,logistic,statsmodels,large,training,,,,6.887,0.006736125,0.008065541999999998,18.921875,93.3210309363774,,13.550316674368725
logistic_statsmodels_large_inference_rep16,DONE,logistic,statsmodels,large,inference,1.0,1.0,nan,1.052,0.006440292,0.007686292,18.671875,2.327755608490535,,2.212695445333208
linear_statsmodels_small_training_rep16,DONE,linear,statsmodels,small,training,,,,0.634,0.002844167,0.0031279590000000005,18.96875,1.275961277770996,,2.0125572204589846
linear_statsmodels_small_inference_rep16,DONE,linear,statsmodels,small,inference,nan,nan,0.0096459506580489,0.634,0.0029507080000000002,0.0033932089999999995,18.5625,1.4033119743347167,,2.213425827026367
linear_sklearn_small_training_rep16,DONE,linear,sklearn,small,training,,,,0.624,0.002797667,0.003190750000000001,18.9375,1.3176627502441405,,2.111639022827148
linear_sklearn_small_inference_rep16,DONE,linear,sklearn,small,inference,nan,nan,0.0096459506580444,0.625,0.0029348749999999996,0.0031428329999999994,18.625,1.2969930171966553,,2.0751888275146486
linear_statsmodels_large_training_rep16,DONE,linear,statsmodels,large,training,,,,1.261,0.002387917,0.002801999999999999,18.296875,2.824636592179537,,2.2399972975254063
linear_statsmodels_large_inference_rep16,DONE,linear,statsmodels,large,inference,nan,nan,0.6725440184152305,1.051,0.006324542000000001,0.007591084,18.203125,2.3644509889398297,,2.2497154985155374
logistic_sklearn_large_training_rep16,DONE,logistic,sklearn,large,training,,,,1.043,0.002964958,0.003335791999999999,18.421875,2.3018735575675966,,2.206973688943046
logistic_sklearn_large_inference_rep16,DONE,logistic,sklearn,large,inference,1.0,1.0,nan,0.843,0.0026407080000000003,0.0029873749999999996,19.3125,1.8795411363840104,,2.229586164156596
linear_sklearn_medium_training_rep16,DONE,linear,sklearn,medium,training,,,,0.634,0.002176042,0.002552416,18.921875,1.2951749526977538,,2.0428627014160154
linear_sklearn_medium_inference_rep16,DONE,linear,sklearn,medium,inference,nan,nan,0.5554700019907828,0.634,0.0024102499999999996,0.0029227079999999996,19.34375,1.3909105392456054,,2.193865203857422
linear_sklearn_large_training_rep16,DONE,linear,sklearn,large,training,,,,1.052,0.003990624999999999,0.004306666,18.4375,2.292640513965061,,2.179316077913556
linear_sklearn_large_inference_rep16,DONE,linear,sklearn,large,inference,nan,nan,0.6725440184152253,0.843,0.002984083,0.0034876250000000003,19.046875,1.774283914685249,,2.104725877443949
logistic_statsmodels_small_training_rep16,DONE,logistic,statsmodels,small,training,,,,0.634,0.002273125,0.0026134999999999995,19.265625,1.254445415496826,,1.9786205291748045
logistic_statsmodels_small_inference_rep16,DONE,logistic,statsmodels,small,inference,0.9785,0.9678668182966892,nan,0.627,0.002865125,0.003232167000000001,19.4375,1.260341658782959,,2.010114288330078
logistic_sklearn_small_training_rep16,DONE,logistic,sklearn,small,training,,,,0.631,0.0028222079999999997,0.003224208,18.546875,1.3101525520324708,,2.0763114929199222
logistic_sklearn_small_inference_rep16,DONE,logistic,sklearn,small,inference,0.9785,0.9678668182966892,nan,0.634,0.0032967499999999998,0.0039448750000000005,19.359375,1.2935359230041503,,2.0402774810791016
linear_statsmodels_medium_training_rep16,DONE,linear,statsmodels,medium,training,,,,0.834,0.003919833,0.004307792,18.984375,1.8023857598304747,,2.1611340045928955
linear_statsmodels_medium_inference_rep16,DONE,linear,statsmodels,medium,inference,nan,nan,0.5554700019907838,0.63,0.002207042,0.0026165830000000005,19.28125,1.2951373329162597,,2.0557735443115233
logistic_statsmodels_medium_training_rep16,DONE,logistic,statsmodels,medium,training,,,,1.048,0.0036177080000000003,0.004359541,18.59375,2.2668408527374266,,2.1630160808563232
logistic_statsmodels_medium_inference_rep16,DONE,logistic,statsmodels,medium,inference,0.97808,0.9672969297887078,nan,0.634,0.002144,0.002555791,19.078125,1.2124991218566894,,1.9124591827392576
logistic_sklearn_medium_training_rep16,DONE,logistic,sklearn,medium,training,,,,0.835,0.00604375,0.007098542,18.71875,1.6633733729521434,,1.9920639197031658
logistic_sklearn_medium_inference_rep16,DONE,logistic,sklearn,medium,inference,0.97808,0.9672969297887078,nan,0.633,0.002481375,0.0029555829999999995,19.140625,1.21258434677124,,1.9156150817871092
linear_statsmodels_medium_training_rep17,DONE,linear,statsmodels,medium,training,,,,0.84,0.0038151249999999995,0.004137874999999999,18.015625,1.7247424793243407,,2.053264856338501
linear_statsmodels_medium_inference_rep17,DONE,linear,statsmodels,medium,inference,nan,nan,0.5554700019907838,0.831,0.006820458,0.008249459,18.390625,1.7320735430717469,,2.084324359893799
logistic_sklearn_large_training_rep17,DONE,logistic,sklearn,large,training,,,,1.052,0.003283583,0.0036806669999999994,18.3125,2.324537581035069,,2.2096364838736395
logistic_sklearn_large_inference_rep17,DONE,logistic,sklearn,large,inference,1.0,1.0,nan,0.843,0.0027421249999999998,0.003096915999999999,18.953125,1.7927440890073776,,2.12662406762441
linear_sklearn_medium_training_rep17,DONE,linear,sklearn,medium,training,,,,0.839,0.00719525,0.008299541,18.265625,1.9751358650128048,,2.3541547854741416
linear_sklearn_medium_inference_rep17,DONE,linear,sklearn,medium,inference,nan,nan,0.5554700019907828,0.634,0.002469125,0.002868916,19.125,1.2778107789993287,,2.0154744148254395
logistic_sklearn_small_training_rep17,DONE,logistic,sklearn,small,training,,,,0.634,0.0029595000000000003,0.003416334,18.859375,1.291195341682434,,2.0365857124328612
logistic_sklearn_small_inference_rep17,DONE,logistic,sklearn,small,inference,0.9785,0.9678668182966892,nan,0.631,0.0029149159999999996,0.0032225410000000006,18.71875,1.251390099334717,,1.9831855773925782
logistic_statsmodels_medium_training_rep17,DONE,logistic,statsmodels,medium,training,,,,1.052,0.0034699170000000003,0.0046151249999999994,18.28125,2.256513823372977,,2.1449751172746927
logistic_statsmodels_medium_inference_rep17,DONE,logistic,statsmodels,medium,inference,0.97808,0.9672969297887078,nan,0.633,0.0022357500000000003,0.002618209,18.875,1.2315406435489653,,1.9455618381500241
logistic_statsmodels_large_training_rep17,DONE,logistic,statsmodels,large,training,,,,6.677,0.004484292,0.004940999999999999,18.5,89.39261212587355,,13.388140201568604
logistic_statsmodels_large_inference_rep17,DONE,logistic,statsmodels,large,inference,1.0,1.0,nan,1.052,0.006755125000000001,0.0076876670000000005,18.28125,2.262154396329607,,2.150336878640311
linear_statsmodels_large_training_rep17,DONE,linear,statsmodels,large,training,,,,1.249,0.002174584,0.002599708000000001,19.015625,2.886069770962,,2.310704380273819
linear_statsmodels_large_inference_rep17,DONE,linear,statsmodels,large,inference,nan,nan,0.6725440184152305,1.052,0.006771540999999999,0.007742541,18.515625,2.3385776350838796,,2.222982542855399
linear_statsmodels_small_training_rep17,DONE,linear,statsmodels,small,training,,,,0.634,0.0027312909999999994,0.003086417,19.234375,1.5579322934627533,,2.457306456565857
linear_statsmodels_small_inference_rep17,DONE,linear,statsmodels,small,inference,nan,nan,0.0096459506580489,0.634,0.003245792,0.0037765000000000003,19.34375,1.3417272535324094,,2.116289043426513
logistic_statsmodels_small_training_rep17,DONE,logistic,statsmodels,small,training,,,,0.634,0.002285042,0.0026486670000000004,18.53125,1.311989246082306,,2.069383668899536
logistic_statsmodels_small_inference_rep17,DONE,logistic,statsmodels,small,inference,0.9785,0.9678668182966892,nan,0.634,0.003130333,0.0034636250000000006,18.578125,1.2656158551216126,,1.9962395191192628
linear_sklearn_large_training_rep17,DONE,linear,sklearn,large,training,,,,1.045,0.003679167,0.004167083,19.078125,2.3982308560609815,,2.294957756996155
linear_sklearn_large_inference_rep17,DONE,linear,sklearn,large,inference,nan,nan,0.6725440184152253,0.843,0.0030035829999999998,0.003353875000000001,18.8125,1.6718780601024628,,1.983247995376587
logistic_sklearn_medium_training_rep17,DONE,logistic,sklearn,medium,training,,,,0.835,0.005717833,0.007016458000000001,18.671875,1.6690038392941156,,1.9988069931666055
logistic_sklearn_medium_inference_rep17,DONE,logistic,sklearn,medium,inference,0.97808,0.9672969297887078,nan,0.634,0.002369584,0.002785208000000001,18.46875,1.2360175775527953,,1.9495545387268065
linear_sklearn_small_training_rep17,DONE,linear,sklearn,small,training,,,,0.635,0.0032990000000000003,0.0036425829999999996,18.78125,1.2185386456251144,,1.9189584970474243
linear_sklearn_small_inference_rep17,DONE,linear,sklearn,small,inference,nan,nan,0.0096459506580444,0.631,0.0032245830000000005,0.0037411249999999997,19.296875,1.2121317909479141,,1.920969557762146
logistic_statsmodels_small_training_rep18,DONE,logistic,statsmodels,small,training,,,,0.634,0.0021896669999999997,0.002590499999999999,19.15625,1.2210058359146116,,1.925876712799072
logistic_statsmodels_small_inference_rep18,DONE,logistic,statsmodels,small,inference,0.9785,0.9678668182966892,nan,0.634,0.003158292,0.0037087500000000002,19.15625,1.2392180327415465,,1.954602575302124
linear_statsmodels_small_training_rep18,DONE,linear,statsmodels,small,training,,,,0.634,0.0027613329999999995,0.0030300000000000006,18.578125,1.314604026889801,,2.0735079288482665
linear_statsmodels_small_inference_rep18,DONE,linear,statsmodels,small,inference,nan,nan,0.0096459506580489,0.621,0.0028827079999999995,0.0031577090000000007,19.28125,1.3352975989580156,,2.150237679481507
linear_statsmodels_medium_training_rep18,DONE,linear,statsmodels,medium,training,,,,0.843,0.0041496250000000005,0.004598334,18.375,1.8266884419322014,,2.1668902039527893
linear_statsmodels_medium_inference_rep18,DONE,linear,statsmodels,medium,inference,nan,nan,0.5554700019907838,0.634,0.0023106669999999998,0.002563,18.5625,1.328163055419922,,2.0948944091796875
logistic_sklearn_small_training_rep18,DONE,logistic,sklearn,small,training,,,,0.634,0.0031304999999999996,0.003388292,17.78125,1.274984196472168,,2.011016082763672
logistic_sklearn_small_inference_rep18,DONE,logistic,sklearn,small,inference,0.9785,0.9678668182966892,nan,0.634,0.003367625,0.0036762090000000006,17.859375,1.7093662452697753,,2.6961612701416016
logistic_statsmodels_medium_training_rep18,DONE,logistic,statsmodels,medium,training,,,,1.052,0.0038076249999999994,0.004200084,18.46875,2.269624387877328,,2.157437631062099
logistic_statsmodels_medium_inference_rep18,DONE,logistic,statsmodels,medium,inference,0.97808,0.9672969297887078,nan,0.624,0.0021806660000000004,0.0025369170000000005,18.578125,1.2177237922668456,,1.951480436325073
logistic_sklearn_large_training_rep18,DONE,logistic,sklearn,large,training,,,,1.052,0.0029852499999999996,0.0035102909999999996,18.46875,2.212457771096911,,2.103096740586417
logistic_sklearn_large_inference_rep18,DONE,logistic,sklearn,large,inference,1.0,1.0,nan,0.839,0.0026002919999999997,0.003087500000000001,18.6875,1.7741379004120827,,2.114586293697357
linear_statsmodels_large_training_rep18,DONE,linear,statsmodels,large,training,,,,1.253,0.00235575,0.002750084,18.296875,2.7227461563646793,,2.172981768846512
linear_statsmodels_large_inference_rep18,DONE,linear,statsmodels,large,inference,nan,nan,0.6725440184152305,0.842,0.002191083,0.002584625,18.421875,1.7134212234814963,,2.0349420706431074
logistic_statsmodels_large_training_rep18,DONE,logistic,statsmodels,large,training,,,,6.69,0.0055111249999999995,0.006816125,18.6875,90.73605993116603,,13.562938704210167
logistic_statsmodels_large_inference_rep18,DONE,logistic,statsmodels,large,inference,1.0,1.0,nan,1.043,0.005798166,0.006844,18.71875,2.422446833729744,,2.3225760630198886
logistic_sklearn_medium_training_rep18,DONE,logistic,sklearn,medium,training,,,,0.84,0.005600167,0.0067167089999999995,18.5,1.7764627218246458,,2.114836573600769
logistic_sklearn_medium_inference_rep18,DONE,logistic,sklearn,medium,inference,0.97808,0.9672969297887078,nan,0.633,0.0024792500000000006,0.0028285409999999995,18.703125,1.2520846530675889,,1.9780168294906617
linear_sklearn_medium_training_rep18,DONE,linear,sklearn,medium,training,,,,0.835,0.007083791999999999,0.008194792,18.21875,1.777199224929015,,2.1283823053042097
linear_sklearn_medium_inference_rep18,DONE,linear,sklearn,medium,inference,nan,nan,0.5554700019907828,0.634,0.002513458,0.0028884999999999996,18.65625,1.206835814142227,,1.9035265207290648
linear_sklearn_large_training_rep18,DONE,linear,sklearn,large,training,,,,1.052,0.003697292,0.0042909590000000004,18.953125,2.191294980730329,,2.082980019705636
linear_sklearn_large_inference_rep18,DONE,linear,sklearn,large,inference,nan,nan,0.6725440184152253,0.843,0.002993584,0.0033009999999999992,18.484375,1.7306998968720433,,2.0530247886975603
linear_sklearn_small_training_rep18,DONE,linear,sklearn,small,training,,,,0.634,0.003034083,0.0033330409999999993,18.609375,1.2502516749382018,,1.9720057964324949
linear_sklearn_small_inference_rep18,DONE,linear,sklearn,small,inference,nan,nan,0.0096459506580444,0.634,0.0033027919999999997,0.0038221669999999996,19.1875,1.249070304441452,,1.9701424360275268
linear_sklearn_small_training_rep19,DONE,linear,sklearn,small,training,,,,0.634,0.003209458,0.003505957999999999,17.765625,1.2356120676517484,,1.9489149332046505
linear_sklearn_small_inference_rep19,DONE,linear,sklearn,small,inference,nan,nan,0.0096459506580444,0.634,0.003208458,0.0038042499999999995,18.9375,1.2671740760803223,,1.998697280883789
linear_sklearn_medium_training_rep19,DONE,linear,sklearn,medium,training,,,,0.634,0.00217775,0.002512709,18.6875,1.2774036517143248,,2.014832258224487
linear_sklearn_medium_inference_rep19,DONE,linear,sklearn,medium,inference,nan,nan,0.5554700019907828,0.634,0.0025555409999999997,0.002883041000000001,18.78125,1.3243694737911225,,2.0889108419418334
linear_statsmodels_small_training_rep19,DONE,linear,statsmodels,small,training,,,,0.634,0.0028524579999999996,0.0030854999999999997,18.78125,1.3109734382629394,,2.067781448364258
linear_statsmodels_small_inference_rep19,DONE,linear,statsmodels,small,inference,nan,nan,0.0096459506580489,0.634,0.0032124169999999995,0.0036338340000000007,18.90625,1.2757924803256988,,2.0122909784317016
logistic_sklearn_large_training_rep19,DONE,logistic,sklearn,large,training,,,,1.052,0.003116667,0.003604416000000001,18.71875,2.1891613039970395,,2.0809518098831172
logistic_sklearn_large_inference_rep19,DONE,logistic,sklearn,large,inference,1.0,1.0,nan,0.843,0.0028858750000000004,0.0031324589999999998,18.765625,1.731116358399391,,2.053518811861674
logistic_sklearn_medium_training_rep19,DONE,logistic,sklearn,medium,training,,,,0.843,0.006244667,0.007340417,18.28125,1.69814930409193,,2.0144119858741756
logistic_sklearn_medium_inference_rep19,DONE,logistic,sklearn,medium,inference,0.97808,0.9672969297887078,nan,0.622,0.0023497500000000003,0.0026810840000000002,19.234375,1.1895310301303865,,1.9124293088912967
linear_statsmodels_large_training_rep19,DONE,linear,statsmodels,large,training,,,,1.262,0.002332416,0.0027749590000000005,18.484375,2.763757675141096,,2.189982309937477
linear_statsmodels_large_inference_rep19,DONE,linear,statsmodels,large,inference,nan,nan,0.6725440184152305,0.843,0.002213125,0.0025991670000000003,18.578125,1.836569626033306,,2.178611656030019
logistic_statsmodels_large_training_rep19,DONE,logistic,statsmodels,large,training,,,,6.693,0.002722708,0.0033755,20.34375,88.88739283429173,,13.280650356236626
logistic_statsmodels_large_inference_rep19,DONE,logistic,statsmodels,large,inference,1.0,1.0,nan,1.051,0.006331959000000001,0.007419625000000001,18.453125,2.1922245559351783,,2.085846390042986
logistic_sklearn_small_training_rep19,DONE,logistic,sklearn,small,training,,,,0.634,0.0030360000000000005,0.0033745000000000008,18.875,1.340172055721283,,2.1138360500335693
logistic_sklearn_small_inference_rep19,DONE,logistic,sklearn,small,inference,0.9785,0.9678668182966892,nan,0.634,0.003356166,0.0037520420000000006,18.84375,1.3010444693088532,,2.052120614051819
linear_statsmodels_medium_training_rep19,DONE,linear,statsmodels,medium,training,,,,0.834,0.0037504580000000004,0.004198167000000001,18.703125,1.7522532635927197,,2.1010230978329973
linear_statsmodels_medium_inference_rep19,DONE,linear,statsmodels,medium,inference,nan,nan,0.5554700019907838,0.634,0.002164917,0.0025684999999999987,18.84375,1.3334308447360992,,2.103203225135803
logistic_statsmodels_small_training_rep19,DONE,logistic,statsmodels,small,training,,,,0.843,0.006570125,0.007782667,18.125,1.694275449812412,,2.0098166664441424
logistic_statsmodels_small_inference_rep19,DONE,logistic,statsmodels,small,inference,0.9785,0.9678668182966892,nan,0.634,0.0032685000000000006,0.003674209000000001,18.625,1.2417896732330322,,1.958658790588379
logistic_statsmodels_medium_training_rep19,DONE,logistic,statsmodels,medium,training,,,,1.052,0.0036928340000000003,0.004303500000000001,18.671875,2.2736698763711107,,2.1612831524440215
logistic_statsmodels_medium_inference_rep19,DONE,logistic,statsmodels,medium,inference,0.97808,0.9672969297887078,nan,0.625,0.002193459,0.002584832999999999,18.75,1.2264750599861145,,1.9623600959777832
linear_sklearn_large_training_rep19,DONE,linear,sklearn,large,training,,,,1.051,0.00363325,0.004125958999999999,18.671875,2.6398028392451147,,2.5117058413369313
linear_sklearn_large_inference_rep19,DONE,linear,sklearn,large,inference,nan,nan,0.6725440184152253,0.828,0.002709167,0.00309775,18.84375,1.6692181849479673,,2.0159639914830523
